0 verbose cli C:\Program Files\nodejs\node.exe C:\Program Files\nodejs\node_modules\npm\bin\npm-cli.js
1 info using npm@11.19.0
2 info using node@v24.21.0
3 silly config load:file:C:\Program Files\nodejs\node_modules\npm\npmrc
4 silly config load:file:C:\Users\indian\Documents\Codex\2026-10-07\build-a-modern-production-ready-personal\.npmrc
5 silly config load:file:C:\Users\indian\.npmrc
6 silly config load:file:C:\Users\indian\AppData\Roaming\npm\etc\npmrc
7 verbose title npm install
8 verbose argv "install" "--cache" ".npm-cache"
9 verbose logfile logs-max:10 dir:C:\Users\indian\Documents\Codex\2026-10-07\build-a-modern-production-ready-personal\.npm-cache\_logs\2026-10-07T09_15_36_048Z-
10 verbose logfile C:\Users\indian\Documents\Codex\2026-10-07\build-a-modern-production-ready-personal\.npm-cache\_logs\2026-10-07T09_15_36_048Z-debug-0.log
11 silly logfile done cleaning log files
12 silly packumentCache heap:2348810240 maxSize:587202560 maxEntrySize:293601280
13 silly idealTree buildDeps
14 silly fetch manifest @vitejs/plugin-react@^4.3.4
15 silly packumentCache full:https://registry.npmjs.org/@vitejs%2fplugin-react cache-miss
16 http fetch GET 200 https://registry.npmjs.org/@vitejs%2fplugin-react 621ms (cache miss)
17 silly packumentCache full:https://registry.npmjs.org/@vitejs%2fplugin-react set size:undefined disposed:false
18 silly fetch manifest vite@^5.4.11
19 silly packumentCache full:https://registry.npmjs.org/vite cache-miss
20 http fetch GET 200 https://registry.npmjs.org/npm 778ms
21 http fetch GET 200 https://registry.npmjs.org/vite 2418ms (cache miss)
22 silly packumentCache full:https://registry.npmjs.org/vite set size:undefined disposed:false
23 silly fetch manifest @types/node@^18.0.0 || >=20.0.0
24 silly packumentCache full:https://registry.npmjs.org/@types%2fnode cache-miss
25 http fetch GET 200 https://registry.npmjs.org/@types%2fnode 637ms (cache miss)
26 silly packumentCache full:https://registry.npmjs.org/@types%2fnode set size:undefined disposed:false
27 silly fetch manifest less@*
28 silly packumentCache full:https://registry.npmjs.org/less cache-miss
29 http fetch GET 200 https://registry.npmjs.org/less 243ms (cache miss)
30 silly packumentCache full:https://registry.npmjs.org/less set size:undefined disposed:false
31 silly fetch manifest lightningcss@^1.21.0
32 silly packumentCache full:https://registry.npmjs.org/lightningcss cache-miss
33 http fetch GET 200 https://registry.npmjs.org/lightningcss 136ms (cache miss)
34 silly packumentCache full:https://registry.npmjs.org/lightningcss set size:undefined disposed:false
35 silly fetch manifest sass@*
36 silly packumentCache full:https://registry.npmjs.org/sass cache-miss
37 http fetch GET 200 https://registry.npmjs.org/sass 227ms (cache miss)
38 silly packumentCache full:https://registry.npmjs.org/sass set size:undefined disposed:false
39 silly fetch manifest sass-embedded@*
40 silly packumentCache full:https://registry.npmjs.org/sass-embedded cache-miss
41 http fetch GET 200 https://registry.npmjs.org/sass-embedded 166ms (cache miss)
42 silly packumentCache full:https://registry.npmjs.org/sass-embedded set size:undefined disposed:false
43 silly fetch manifest stylus@*
44 silly packumentCache full:https://registry.npmjs.org/stylus cache-miss
45 http fetch GET 200 https://registry.npmjs.org/stylus 146ms (cache miss)
46 silly packumentCache full:https://registry.npmjs.org/stylus set size:undefined disposed:false
47 silly fetch manifest sugarss@*
48 silly packumentCache full:https://registry.npmjs.org/sugarss cache-miss
49 http fetch GET 200 https://registry.npmjs.org/sugarss 152ms (cache miss)
50 silly packumentCache full:https://registry.npmjs.org/sugarss set size:undefined disposed:false
51 silly fetch manifest postcss@^8.4.49
52 silly packumentCache full:https://registry.npmjs.org/postcss cache-miss
53 http fetch GET 200 https://registry.npmjs.org/postcss 230ms (cache miss)
54 silly packumentCache full:https://registry.npmjs.org/postcss set size:undefined disposed:false
55 silly fetch manifest terser@^5.4.0
56 silly packumentCache full:https://registry.npmjs.org/terser cache-miss
57 http fetch GET 200 https://registry.npmjs.org/terser 240ms (cache miss)
58 silly packumentCache full:https://registry.npmjs.org/terser set size:undefined disposed:false
59 silly fetch manifest framer-motion@^11.15.0
60 silly packumentCache full:https://registry.npmjs.org/framer-motion cache-miss
61 http fetch GET 200 https://registry.npmjs.org/framer-motion 438ms (cache miss)
62 silly packumentCache full:https://registry.npmjs.org/framer-motion set size:undefined disposed:false
63 silly fetch manifest @emotion/is-prop-valid@*
64 silly packumentCache full:https://registry.npmjs.org/@emotion%2fis-prop-valid cache-miss
65 http fetch GET 200 https://registry.npmjs.org/@emotion%2fis-prop-valid 380ms (cache miss)
66 silly packumentCache full:https://registry.npmjs.org/@emotion%2fis-prop-valid set size:undefined disposed:false
67 silly fetch manifest react@^18.3.1
68 silly packumentCache full:https://registry.npmjs.org/react cache-miss
69 http fetch GET 200 https://registry.npmjs.org/react 452ms (cache miss)
70 silly packumentCache full:https://registry.npmjs.org/react set size:undefined disposed:false
71 silly fetch manifest react-dom@^18.3.1
72 silly packumentCache full:https://registry.npmjs.org/react-dom cache-miss
73 http fetch GET 200 https://registry.npmjs.org/react-dom 505ms (cache miss)
74 silly packumentCache full:https://registry.npmjs.org/react-dom set size:undefined disposed:false
75 silly fetch manifest react-icons@^5.4.0
76 silly packumentCache full:https://registry.npmjs.org/react-icons cache-miss
77 http fetch GET 200 https://registry.npmjs.org/react-icons 163ms (cache miss)
78 silly packumentCache full:https://registry.npmjs.org/react-icons set size:undefined disposed:false
79 silly fetch manifest autoprefixer@^10.4.20
80 silly packumentCache full:https://registry.npmjs.org/autoprefixer cache-miss
81 http fetch GET 200 https://registry.npmjs.org/autoprefixer 169ms (cache miss)
82 silly packumentCache full:https://registry.npmjs.org/autoprefixer set size:undefined disposed:false
83 silly fetch manifest tailwindcss@^3.4.17
84 silly packumentCache full:https://registry.npmjs.org/tailwindcss cache-miss
85 http fetch GET 200 https://registry.npmjs.org/tailwindcss 720ms (cache miss)
86 silly packumentCache full:https://registry.npmjs.org/tailwindcss set size:undefined disposed:false
87 silly placeDep ROOT @vitejs/plugin-react@4.7.0 OK for: sandeep-portfolio@1.0.0 want: ^4.3.4
88 silly placeDep ROOT vite@5.4.21 OK for: @vitejs/plugin-react@4.7.0 want: ^4.2.0 || ^5.0.0 || ^6.0.0 || ^7.0.0
89 silly placeDep ROOT autoprefixer@10.6.1 OK for: sandeep-portfolio@1.0.0 want: ^10.4.20
90 silly placeDep ROOT postcss@8.5.29 OK for: autoprefixer@10.6.1 want: ^8.1.0
91 silly placeDep ROOT framer-motion@11.18.2 OK for: sandeep-portfolio@1.0.0 want: ^11.15.0
92 silly placeDep ROOT react@18.3.1 OK for: sandeep-portfolio@1.0.0 want: ^18.3.1
93 silly placeDep ROOT react-dom@18.3.1 OK for: sandeep-portfolio@1.0.0 want: ^18.3.1
94 silly placeDep ROOT react-icons@5.7.0 OK for: sandeep-portfolio@1.0.0 want: ^5.4.0
95 silly placeDep ROOT tailwindcss@3.4.19 OK for: sandeep-portfolio@1.0.0 want: ^3.4.17
96 silly fetch manifest @babel/core@^7.28.0
97 silly packumentCache full:https://registry.npmjs.org/@babel%2fcore cache-miss
98 silly fetch manifest react-refresh@^0.17.0
99 silly packumentCache full:https://registry.npmjs.org/react-refresh cache-miss
100 silly fetch manifest @types/babel__core@^7.20.5
101 silly packumentCache full:https://registry.npmjs.org/@types%2fbabel__core cache-miss
102 silly fetch manifest @rolldown/pluginutils@1.0.0-beta.27
103 silly packumentCache full:https://registry.npmjs.org/@rolldown%2fpluginutils cache-miss
104 silly fetch manifest @babel/plugin-transform-react-jsx-self@^7.27.1
105 silly packumentCache full:https://registry.npmjs.org/@babel%2fplugin-transform-react-jsx-self cache-miss
106 silly fetch manifest @babel/plugin-transform-react-jsx-source@^7.27.1
107 silly packumentCache full:https://registry.npmjs.org/@babel%2fplugin-transform-react-jsx-source cache-miss
108 silly fetch manifest rollup@^4.20.0
109 silly packumentCache full:https://registry.npmjs.org/rollup cache-miss
110 http fetch GET 200 https://registry.npmjs.org/@babel%2fcore 258ms (cache miss)
111 silly packumentCache full:https://registry.npmjs.org/@babel%2fcore set size:undefined disposed:false
112 silly fetch manifest esbuild@^0.21.3
113 silly packumentCache full:https://registry.npmjs.org/esbuild cache-miss
114 http fetch GET 200 https://registry.npmjs.org/esbuild 180ms (cache miss)
115 silly packumentCache full:https://registry.npmjs.org/esbuild set size:undefined disposed:false
116 silly fetch manifest postcss@^8.4.43
117 silly packumentCache full:https://registry.npmjs.org/postcss cache-miss
118 http fetch GET 200 https://registry.npmjs.org/react-refresh 463ms (cache miss)
119 silly packumentCache full:https://registry.npmjs.org/react-refresh set size:undefined disposed:false
120 silly fetch manifest fsevents@~2.3.3
121 silly packumentCache full:https://registry.npmjs.org/fsevents cache-miss
122 http cache https://registry.npmjs.org/postcss 123ms (cache hit)
123 silly packumentCache full:https://registry.npmjs.org/postcss set size:770032 disposed:false
124 silly fetch manifest picocolors@^1.1.1
125 silly packumentCache full:https://registry.npmjs.org/picocolors cache-miss
126 http fetch GET 200 https://registry.npmjs.org/@types%2fbabel__core 602ms (cache miss)
127 silly packumentCache full:https://registry.npmjs.org/@types%2fbabel__core set size:undefined disposed:false
128 silly fetch manifest fraction.js@^5.3.4
129 silly packumentCache full:https://registry.npmjs.org/fraction.js cache-miss
130 http fetch GET 200 https://registry.npmjs.org/@babel%2fplugin-transform-react-jsx-source 619ms (cache miss)
131 silly packumentCache full:https://registry.npmjs.org/@babel%2fplugin-transform-react-jsx-source set size:undefined disposed:false
132 silly fetch manifest browserslist@^4.28.9
133 silly packumentCache full:https://registry.npmjs.org/browserslist cache-miss
134 http fetch GET 200 https://registry.npmjs.org/@babel%2fplugin-transform-react-jsx-self 630ms (cache miss)
135 silly packumentCache full:https://registry.npmjs.org/@babel%2fplugin-transform-react-jsx-self set size:undefined disposed:false
136 silly fetch manifest caniuse-lite@^1.0.30001810
137 silly packumentCache full:https://registry.npmjs.org/caniuse-lite cache-miss
138 http fetch GET 200 https://registry.npmjs.org/@rolldown%2fpluginutils 662ms (cache miss)
139 silly packumentCache full:https://registry.npmjs.org/@rolldown%2fpluginutils set size:undefined disposed:false
140 silly fetch manifest postcss-value-parser@^4.2.0
141 silly packumentCache full:https://registry.npmjs.org/postcss-value-parser cache-miss
142 http fetch GET 200 https://registry.npmjs.org/picocolors 104ms (cache miss)
143 silly packumentCache full:https://registry.npmjs.org/picocolors set size:undefined disposed:false
144 silly fetch manifest nanoid@^3.3.19
145 silly packumentCache full:https://registry.npmjs.org/nanoid cache-miss
146 http fetch GET 200 https://registry.npmjs.org/fsevents 158ms (cache miss)
147 silly packumentCache full:https://registry.npmjs.org/fsevents set size:undefined disposed:false
148 silly fetch manifest source-map-js@^1.2.2
149 silly packumentCache full:https://registry.npmjs.org/source-map-js cache-miss
150 http fetch GET 200 https://registry.npmjs.org/fraction.js 228ms (cache miss)
151 silly packumentCache full:https://registry.npmjs.org/fraction.js set size:undefined disposed:false
152 silly fetch manifest tslib@^2.4.0
153 silly packumentCache full:https://registry.npmjs.org/tslib cache-miss
154 http fetch GET 200 https://registry.npmjs.org/source-map-js 215ms (cache miss)
155 silly packumentCache full:https://registry.npmjs.org/source-map-js set size:undefined disposed:false
156 silly fetch manifest motion-dom@^11.18.1
157 silly packumentCache full:https://registry.npmjs.org/motion-dom cache-miss
158 http fetch GET 200 https://registry.npmjs.org/postcss-value-parser 259ms (cache miss)
159 silly packumentCache full:https://registry.npmjs.org/postcss-value-parser set size:undefined disposed:false
160 silly fetch manifest motion-utils@^11.18.1
161 silly packumentCache full:https://registry.npmjs.org/motion-utils cache-miss
162 http fetch GET 200 https://registry.npmjs.org/nanoid 244ms (cache miss)
163 silly packumentCache full:https://registry.npmjs.org/nanoid set size:undefined disposed:false
164 silly fetch manifest loose-envify@^1.1.0
165 silly packumentCache full:https://registry.npmjs.org/loose-envify cache-miss
166 http fetch GET 200 https://registry.npmjs.org/browserslist 348ms (cache miss)
167 silly packumentCache full:https://registry.npmjs.org/browserslist set size:undefined disposed:false
168 silly fetch manifest scheduler@^0.23.2
169 silly packumentCache full:https://registry.npmjs.org/scheduler cache-miss
170 http fetch GET 200 https://registry.npmjs.org/tslib 155ms (cache miss)
171 silly packumentCache full:https://registry.npmjs.org/tslib set size:undefined disposed:false
172 silly fetch manifest loose-envify@^1.1.0
173 silly packumentCache full:https://registry.npmjs.org/loose-envify cache-miss
174 http fetch GET 200 https://registry.npmjs.org/motion-utils 203ms (cache miss)
175 silly packumentCache full:https://registry.npmjs.org/motion-utils set size:undefined disposed:false
176 silly fetch manifest arg@^5.0.2
177 silly packumentCache full:https://registry.npmjs.org/arg cache-miss
178 http fetch GET 200 https://registry.npmjs.org/loose-envify 193ms (cache miss)
179 silly packumentCache full:https://registry.npmjs.org/loose-envify set size:undefined disposed:false
180 silly fetch manifest dlv@^1.1.3
181 silly packumentCache full:https://registry.npmjs.org/dlv cache-miss
182 http fetch GET 200 https://registry.npmjs.org/loose-envify 145ms (cache miss)
183 silly packumentCache full:https://registry.npmjs.org/loose-envify set size:undefined disposed:false
184 silly fetch manifest jiti@^1.21.7
185 silly packumentCache full:https://registry.npmjs.org/jiti cache-miss
186 http fetch GET 200 https://registry.npmjs.org/rollup 1186ms (cache miss)
187 silly packumentCache full:https://registry.npmjs.org/rollup set size:undefined disposed:false
188 silly fetch manifest is-glob@^4.0.3
189 silly packumentCache full:https://registry.npmjs.org/is-glob cache-miss
190 http fetch GET 200 https://registry.npmjs.org/motion-dom 339ms (cache miss)
191 silly packumentCache full:https://registry.npmjs.org/motion-dom set size:undefined disposed:false
192 silly fetch manifest resolve@^1.22.8
193 silly packumentCache full:https://registry.npmjs.org/resolve cache-miss
194 http fetch GET 200 https://registry.npmjs.org/dlv 159ms (cache miss)
195 silly packumentCache full:https://registry.npmjs.org/dlv set size:undefined disposed:false
196 silly fetch manifest sucrase@^3.35.0
197 silly packumentCache full:https://registry.npmjs.org/sucrase cache-miss
198 http fetch GET 200 https://registry.npmjs.org/arg 171ms (cache miss)
199 silly packumentCache full:https://registry.npmjs.org/arg set size:undefined disposed:false
200 silly fetch manifest chokidar@^3.6.0
201 silly packumentCache full:https://registry.npmjs.org/chokidar cache-miss
202 http fetch GET 200 https://registry.npmjs.org/jiti 178ms (cache miss)
203 silly packumentCache full:https://registry.npmjs.org/jiti set size:undefined disposed:false
204 silly fetch manifest fast-glob@^3.3.2
205 silly packumentCache full:https://registry.npmjs.org/fast-glob cache-miss
206 http fetch GET 200 https://registry.npmjs.org/caniuse-lite 776ms (cache miss)
207 silly packumentCache full:https://registry.npmjs.org/caniuse-lite set size:undefined disposed:false
208 silly fetch manifest lilconfig@^3.1.3
209 silly packumentCache full:https://registry.npmjs.org/lilconfig cache-miss
210 http fetch GET 200 https://registry.npmjs.org/is-glob 212ms (cache miss)
211 silly packumentCache full:https://registry.npmjs.org/is-glob set size:undefined disposed:false
212 silly fetch manifest didyoumean@^1.2.2
213 silly packumentCache full:https://registry.npmjs.org/didyoumean cache-miss
214 http fetch GET 200 https://registry.npmjs.org/sucrase 172ms (cache miss)
215 silly packumentCache full:https://registry.npmjs.org/sucrase set size:undefined disposed:false
216 silly fetch manifest micromatch@^4.0.8
217 silly packumentCache full:https://registry.npmjs.org/micromatch cache-miss
218 http fetch GET 200 https://registry.npmjs.org/chokidar 177ms (cache miss)
219 silly packumentCache full:https://registry.npmjs.org/chokidar set size:undefined disposed:false
220 silly fetch manifest postcss-js@^4.0.1
221 silly packumentCache full:https://registry.npmjs.org/postcss-js cache-miss
222 http fetch GET 200 https://registry.npmjs.org/resolve 241ms (cache miss)
223 silly packumentCache full:https://registry.npmjs.org/resolve set size:undefined disposed:false
224 silly fetch manifest glob-parent@^6.0.2
225 silly packumentCache full:https://registry.npmjs.org/glob-parent cache-miss
226 http fetch GET 200 https://registry.npmjs.org/fast-glob 214ms (cache miss)
227 silly packumentCache full:https://registry.npmjs.org/fast-glob set size:undefined disposed:false
228 silly fetch manifest object-hash@^3.0.0
229 silly packumentCache full:https://registry.npmjs.org/object-hash cache-miss
230 http fetch GET 200 https://registry.npmjs.org/lilconfig 125ms (cache miss)
231 silly packumentCache full:https://registry.npmjs.org/lilconfig set size:undefined disposed:false
232 silly fetch manifest normalize-path@^3.0.0
233 silly packumentCache full:https://registry.npmjs.org/normalize-path cache-miss
234 http fetch GET 200 https://registry.npmjs.org/didyoumean 112ms (cache miss)
235 silly packumentCache full:https://registry.npmjs.org/didyoumean set size:undefined disposed:false
236 silly fetch manifest postcss-import@^15.1.0
237 silly packumentCache full:https://registry.npmjs.org/postcss-import cache-miss
238 http fetch GET 200 https://registry.npmjs.org/glob-parent 140ms (cache miss)
239 silly packumentCache full:https://registry.npmjs.org/glob-parent set size:undefined disposed:false
240 silly fetch manifest postcss-nested@^6.2.0
241 silly packumentCache full:https://registry.npmjs.org/postcss-nested cache-miss
242 http fetch GET 200 https://registry.npmjs.org/micromatch 183ms (cache miss)
243 silly packumentCache full:https://registry.npmjs.org/micromatch set size:undefined disposed:false
244 silly fetch manifest @alloc/quick-lru@^5.2.0
245 silly packumentCache full:https://registry.npmjs.org/@alloc%2fquick-lru cache-miss
246 http fetch GET 200 https://registry.npmjs.org/postcss-js 182ms (cache miss)
247 silly packumentCache full:https://registry.npmjs.org/postcss-js set size:undefined disposed:false
248 silly fetch manifest postcss-load-config@^4.0.2 || ^5.0 || ^6.0
249 silly packumentCache full:https://registry.npmjs.org/postcss-load-config cache-miss
250 http fetch GET 200 https://registry.npmjs.org/normalize-path 158ms (cache miss)
251 silly packumentCache full:https://registry.npmjs.org/normalize-path set size:undefined disposed:false
252 silly fetch manifest postcss-selector-parser@^6.1.2
253 silly packumentCache full:https://registry.npmjs.org/postcss-selector-parser cache-miss
254 http fetch GET 200 https://registry.npmjs.org/postcss-import 156ms (cache miss)
255 silly packumentCache full:https://registry.npmjs.org/postcss-import set size:undefined disposed:false
256 http fetch GET 200 https://registry.npmjs.org/object-hash 197ms (cache miss)
257 silly packumentCache full:https://registry.npmjs.org/object-hash set size:undefined disposed:false
258 http fetch GET 200 https://registry.npmjs.org/postcss-nested 157ms (cache miss)
259 silly packumentCache full:https://registry.npmjs.org/postcss-nested set size:undefined disposed:false
260 http fetch GET 200 https://registry.npmjs.org/postcss-selector-parser 101ms (cache miss)
261 silly packumentCache full:https://registry.npmjs.org/postcss-selector-parser set size:undefined disposed:false
262 http fetch GET 200 https://registry.npmjs.org/postcss-load-config 153ms (cache miss)
263 silly packumentCache full:https://registry.npmjs.org/postcss-load-config set size:undefined disposed:false
264 http fetch GET 200 https://registry.npmjs.org/scheduler 901ms (cache miss)
265 silly packumentCache full:https://registry.npmjs.org/scheduler set size:undefined disposed:false
266 http fetch GET 200 https://registry.npmjs.org/@alloc%2fquick-lru 437ms (cache miss)
267 silly packumentCache full:https://registry.npmjs.org/@alloc%2fquick-lru set size:undefined disposed:false
268 silly placeDep ROOT @babel/core@7.29.7 OK for: @vitejs/plugin-react@4.7.0 want: ^7.28.0
269 silly placeDep ROOT @babel/plugin-transform-react-jsx-self@7.29.7 OK for: @vitejs/plugin-react@4.7.0 want: ^7.27.1
270 silly placeDep ROOT @babel/plugin-transform-react-jsx-source@7.29.7 OK for: @vitejs/plugin-react@4.7.0 want: ^7.27.1
271 silly placeDep ROOT @rolldown/pluginutils@1.0.0-beta.27 OK for: @vitejs/plugin-react@4.7.0 want: 1.0.0-beta.27
272 silly placeDep ROOT @types/babel__core@7.20.5 OK for: @vitejs/plugin-react@4.7.0 want: ^7.20.5
273 silly placeDep ROOT react-refresh@0.17.0 OK for: @vitejs/plugin-react@4.7.0 want: ^0.17.0
274 silly fetch manifest debug@^4.1.0
275 silly packumentCache full:https://registry.npmjs.org/debug cache-miss
276 silly fetch manifest json5@^2.2.3
277 silly packumentCache full:https://registry.npmjs.org/json5 cache-miss
278 silly fetch manifest semver@^6.3.1
279 silly packumentCache full:https://registry.npmjs.org/semver cache-miss
280 silly fetch manifest gensync@^1.0.0-beta.2
281 silly packumentCache full:https://registry.npmjs.org/gensync cache-miss
282 silly fetch manifest @babel/types@^7.29.7
283 silly packumentCache full:https://registry.npmjs.org/@babel%2ftypes cache-miss
284 silly fetch manifest @babel/parser@^7.29.7
285 silly packumentCache full:https://registry.npmjs.org/@babel%2fparser cache-miss
286 silly fetch manifest @babel/helpers@^7.29.7
287 silly packumentCache full:https://registry.npmjs.org/@babel%2fhelpers cache-miss
288 http fetch GET 200 https://registry.npmjs.org/gensync 152ms (cache miss)
289 silly packumentCache full:https://registry.npmjs.org/gensync set size:undefined disposed:false
290 silly fetch manifest @babel/template@^7.29.7
291 silly packumentCache full:https://registry.npmjs.org/@babel%2ftemplate cache-miss
292 http fetch GET 200 https://registry.npmjs.org/debug 181ms (cache miss)
293 silly packumentCache full:https://registry.npmjs.org/debug set size:undefined disposed:false
294 silly fetch manifest @babel/traverse@^7.29.7
295 silly packumentCache full:https://registry.npmjs.org/@babel%2ftraverse cache-miss
296 http fetch GET 200 https://registry.npmjs.org/json5 263ms (cache miss)
297 silly packumentCache full:https://registry.npmjs.org/json5 set size:undefined disposed:false
298 silly fetch manifest @babel/generator@^7.29.7
299 silly packumentCache full:https://registry.npmjs.org/@babel%2fgenerator cache-miss
300 http fetch GET 200 https://registry.npmjs.org/@babel%2fparser 269ms (cache miss)
301 silly packumentCache full:https://registry.npmjs.org/@babel%2fparser set size:undefined disposed:false
302 silly fetch manifest @babel/code-frame@^7.29.7
303 silly packumentCache full:https://registry.npmjs.org/@babel%2fcode-frame cache-miss
304 http fetch GET 200 https://registry.npmjs.org/semver 300ms (cache miss)
305 silly packumentCache full:https://registry.npmjs.org/semver set size:undefined disposed:false
306 silly fetch manifest convert-source-map@^2.0.0
307 silly packumentCache full:https://registry.npmjs.org/convert-source-map cache-miss
308 http fetch GET 200 https://registry.npmjs.org/@babel%2ftypes 306ms (cache miss)
309 silly packumentCache full:https://registry.npmjs.org/@babel%2ftypes set size:undefined disposed:false
310 silly fetch manifest @jridgewell/remapping@^2.3.5
311 silly packumentCache full:https://registry.npmjs.org/@jridgewell%2fremapping cache-miss
312 http fetch GET 200 https://registry.npmjs.org/@babel%2ftemplate 181ms (cache miss)
313 silly packumentCache full:https://registry.npmjs.org/@babel%2ftemplate set size:undefined disposed:false
314 silly fetch manifest @babel/helper-module-transforms@^7.29.7
315 silly packumentCache full:https://registry.npmjs.org/@babel%2fhelper-module-transforms cache-miss
316 http fetch GET 200 https://registry.npmjs.org/@babel%2ftraverse 165ms (cache miss)
317 silly packumentCache full:https://registry.npmjs.org/@babel%2ftraverse set size:undefined disposed:false
318 silly fetch manifest @babel/helper-compilation-targets@^7.29.7
319 silly packumentCache full:https://registry.npmjs.org/@babel%2fhelper-compilation-targets cache-miss
320 http fetch GET 200 https://registry.npmjs.org/@babel%2fhelpers 393ms (cache miss)
321 silly packumentCache full:https://registry.npmjs.org/@babel%2fhelpers set size:undefined disposed:false
322 silly fetch manifest @babel/helper-plugin-utils@^7.29.7
323 silly packumentCache full:https://registry.npmjs.org/@babel%2fhelper-plugin-utils cache-miss
324 http fetch GET 200 https://registry.npmjs.org/@babel%2fcode-frame 122ms (cache miss)
325 silly packumentCache full:https://registry.npmjs.org/@babel%2fcode-frame set size:undefined disposed:false
326 silly fetch manifest @babel/helper-plugin-utils@^7.29.7
327 silly packumentCache full:https://registry.npmjs.org/@babel%2fhelper-plugin-utils cache-miss
328 http fetch GET 200 https://registry.npmjs.org/@babel%2fgenerator 186ms (cache miss)
329 silly packumentCache full:https://registry.npmjs.org/@babel%2fgenerator set size:undefined disposed:false
330 silly fetch manifest @babel/types@^7.20.7
331 silly packumentCache full:https://registry.npmjs.org/@babel%2ftypes cache-miss
332 http cache https://registry.npmjs.org/@babel%2ftypes 19ms (cache hit)
333 silly packumentCache full:https://registry.npmjs.org/@babel%2ftypes set size:507562 disposed:false
334 silly fetch manifest @babel/parser@^7.20.7
335 silly packumentCache full:https://registry.npmjs.org/@babel%2fparser cache-miss
336 http fetch GET 200 https://registry.npmjs.org/@babel%2fhelper-compilation-targets 141ms (cache miss)
337 silly packumentCache full:https://registry.npmjs.org/@babel%2fhelper-compilation-targets set size:undefined disposed:false
338 silly fetch manifest @types/babel__template@*
339 silly packumentCache full:https://registry.npmjs.org/@types%2fbabel__template cache-miss
340 http cache https://registry.npmjs.org/@babel%2fparser 22ms (cache hit)
341 silly packumentCache full:https://registry.npmjs.org/@babel%2fparser set size:745723 disposed:false
342 silly fetch manifest @types/babel__traverse@*
343 silly packumentCache full:https://registry.npmjs.org/@types%2fbabel__traverse cache-miss
344 http fetch GET 200 https://registry.npmjs.org/@babel%2fhelper-module-transforms 189ms (cache miss)
345 silly packumentCache full:https://registry.npmjs.org/@babel%2fhelper-module-transforms set size:undefined disposed:false
346 silly fetch manifest @types/babel__generator@*
347 silly packumentCache full:https://registry.npmjs.org/@types%2fbabel__generator cache-miss
348 http fetch GET 200 https://registry.npmjs.org/@jridgewell%2fremapping 222ms (cache miss)
349 silly packumentCache full:https://registry.npmjs.org/@jridgewell%2fremapping set size:undefined disposed:false
350 http fetch GET 200 https://registry.npmjs.org/@babel%2fhelper-plugin-utils 137ms (cache miss)
351 silly packumentCache full:https://registry.npmjs.org/@babel%2fhelper-plugin-utils set size:undefined disposed:false
352 http fetch GET 200 https://registry.npmjs.org/@babel%2fhelper-plugin-utils 175ms (cache miss)
353 silly packumentCache full:https://registry.npmjs.org/@babel%2fhelper-plugin-utils set size:undefined disposed:false
354 http fetch GET 200 https://registry.npmjs.org/convert-source-map 288ms (cache miss)
355 silly packumentCache full:https://registry.npmjs.org/convert-source-map set size:undefined disposed:false
356 http fetch GET 200 https://registry.npmjs.org/@types%2fbabel__traverse 117ms (cache miss)
357 silly packumentCache full:https://registry.npmjs.org/@types%2fbabel__traverse set size:undefined disposed:false
358 http fetch GET 200 https://registry.npmjs.org/@types%2fbabel__generator 115ms (cache miss)
359 silly packumentCache full:https://registry.npmjs.org/@types%2fbabel__generator set size:undefined disposed:false
360 http fetch GET 200 https://registry.npmjs.org/@types%2fbabel__template 155ms (cache miss)
361 silly packumentCache full:https://registry.npmjs.org/@types%2fbabel__template set size:undefined disposed:false
362 silly fetch manifest @babel/core@^7.0.0
363 silly packumentCache full:https://registry.npmjs.org/@babel%2fcore cache-miss
364 http cache https://registry.npmjs.org/@babel%2fcore 11ms (cache hit)
365 silly packumentCache full:https://registry.npmjs.org/@babel%2fcore set size:797193 disposed:false
366 silly placeDep ROOT @babel/code-frame@7.29.7 OK for: @babel/core@7.29.7 want: ^7.29.7
367 silly placeDep ROOT @babel/generator@7.29.8 OK for: @babel/core@7.29.7 want: ^7.29.7
368 silly placeDep ROOT @babel/helper-compilation-targets@7.29.7 OK for: @babel/core@7.29.7 want: ^7.29.7
369 silly placeDep ROOT @babel/helper-module-transforms@7.29.7 OK for: @babel/core@7.29.7 want: ^7.29.7
370 silly placeDep ROOT @babel/helpers@7.29.7 OK for: @babel/core@7.29.7 want: ^7.29.7
371 silly placeDep ROOT @babel/parser@7.29.9 OK for: @babel/core@7.29.7 want: ^7.29.7
372 silly placeDep ROOT @babel/template@7.29.7 OK for: @babel/core@7.29.7 want: ^7.29.7
373 silly placeDep ROOT @babel/traverse@7.29.8 OK for: @babel/core@7.29.7 want: ^7.29.7
374 silly placeDep ROOT @babel/types@7.29.8 OK for: @babel/core@7.29.7 want: ^7.29.7
375 silly placeDep ROOT @jridgewell/remapping@2.3.5 OK for: @babel/core@7.29.7 want: ^2.3.5
376 silly placeDep ROOT convert-source-map@2.0.0 OK for: @babel/core@7.29.7 want: ^2.0.0
377 silly placeDep ROOT debug@4.4.3 OK for: @babel/core@7.29.7 want: ^4.1.0
378 silly placeDep ROOT gensync@1.0.0-beta.2 OK for: @babel/core@7.29.7 want: ^1.0.0-beta.2
379 silly placeDep ROOT json5@2.2.3 OK for: @babel/core@7.29.7 want: ^2.2.3
380 silly placeDep ROOT semver@6.3.1 OK for: @babel/core@7.29.7 want: ^6.3.1
381 silly fetch manifest js-tokens@^4.0.0
382 silly packumentCache full:https://registry.npmjs.org/js-tokens cache-miss
383 silly fetch manifest @babel/helper-validator-identifier@^7.29.7
384 silly packumentCache full:https://registry.npmjs.org/@babel%2fhelper-validator-identifier cache-miss
385 silly fetch manifest jsesc@^3.0.2
386 silly packumentCache full:https://registry.npmjs.org/jsesc cache-miss
387 silly fetch manifest @babel/types@^7.29.8
388 silly packumentCache full:https://registry.npmjs.org/@babel%2ftypes cache-hit
389 silly fetch manifest @babel/parser@^7.29.8
390 silly packumentCache full:https://registry.npmjs.org/@babel%2fparser cache-hit
391 silly fetch manifest @jridgewell/gen-mapping@^0.3.12
392 silly packumentCache full:https://registry.npmjs.org/@jridgewell%2fgen-mapping cache-miss
393 silly fetch manifest @jridgewell/trace-mapping@^0.3.28
394 silly packumentCache full:https://registry.npmjs.org/@jridgewell%2ftrace-mapping cache-miss
395 silly fetch manifest lru-cache@^5.1.1
396 silly packumentCache full:https://registry.npmjs.org/lru-cache cache-miss
397 silly fetch manifest browserslist@^4.24.0
398 silly packumentCache full:https://registry.npmjs.org/browserslist cache-miss
399 http cache https://registry.npmjs.org/browserslist 16ms (cache hit)
400 silly packumentCache full:https://registry.npmjs.org/browserslist set size:530436 disposed:false
401 silly fetch manifest @babel/compat-data@^7.29.7
402 silly packumentCache full:https://registry.npmjs.org/@babel%2fcompat-data cache-miss
403 http fetch GET 200 https://registry.npmjs.org/@babel%2fhelper-validator-identifier 159ms (cache miss)
404 silly packumentCache full:https://registry.npmjs.org/@babel%2fhelper-validator-identifier set size:undefined disposed:false
405 silly fetch manifest @babel/helper-validator-option@^7.29.7
406 silly packumentCache full:https://registry.npmjs.org/@babel%2fhelper-validator-option cache-miss
407 http fetch GET 200 https://registry.npmjs.org/@jridgewell%2ftrace-mapping 184ms (cache miss)
408 silly packumentCache full:https://registry.npmjs.org/@jridgewell%2ftrace-mapping set size:undefined disposed:false
409 silly fetch manifest @babel/helper-module-imports@^7.29.7
410 silly packumentCache full:https://registry.npmjs.org/@babel%2fhelper-module-imports cache-miss
411 http fetch GET 200 https://registry.npmjs.org/jsesc 209ms (cache miss)
412 silly packumentCache full:https://registry.npmjs.org/jsesc set size:undefined disposed:false
413 silly fetch manifest debug@^4.3.1
414 silly packumentCache full:https://registry.npmjs.org/debug cache-miss
415 http fetch GET 200 https://registry.npmjs.org/js-tokens 220ms (cache miss)
416 silly packumentCache full:https://registry.npmjs.org/js-tokens set size:undefined disposed:false
417 silly fetch manifest @babel/helper-globals@^7.29.7
418 silly packumentCache full:https://registry.npmjs.org/@babel%2fhelper-globals cache-miss
419 http fetch GET 200 https://registry.npmjs.org/lru-cache 218ms (cache miss)
420 silly packumentCache full:https://registry.npmjs.org/lru-cache set size:undefined disposed:false
421 silly fetch manifest @babel/helper-string-parser@^7.29.7
422 silly packumentCache full:https://registry.npmjs.org/@babel%2fhelper-string-parser cache-miss
423 http fetch GET 200 https://registry.npmjs.org/@babel%2fcompat-data 208ms (cache miss)
424 silly packumentCache full:https://registry.npmjs.org/@babel%2fcompat-data set size:undefined disposed:false
425 silly fetch manifest @jridgewell/gen-mapping@^0.3.5
426 silly packumentCache full:https://registry.npmjs.org/@jridgewell%2fgen-mapping cache-miss
427 http cache https://registry.npmjs.org/debug 41ms (cache hit)
428 silly packumentCache full:https://registry.npmjs.org/debug set size:195840 disposed:false
429 silly fetch manifest @jridgewell/trace-mapping@^0.3.24
430 silly packumentCache full:https://registry.npmjs.org/@jridgewell%2ftrace-mapping cache-miss
431 http fetch GET 200 https://registry.npmjs.org/@jridgewell%2fgen-mapping 265ms (cache miss)
432 silly packumentCache full:https://registry.npmjs.org/@jridgewell%2fgen-mapping set size:undefined disposed:false
433 silly fetch manifest ms@^2.1.3
434 silly packumentCache full:https://registry.npmjs.org/ms cache-miss
435 http cache https://registry.npmjs.org/@jridgewell%2ftrace-mapping 18ms (cache hit)
436 silly packumentCache full:https://registry.npmjs.org/@jridgewell%2ftrace-mapping set size:170909 disposed:false
437 http fetch GET 200 https://registry.npmjs.org/@babel%2fhelper-validator-option 149ms (cache miss)
438 silly packumentCache full:https://registry.npmjs.org/@babel%2fhelper-validator-option set size:undefined disposed:false
439 http fetch GET 200 https://registry.npmjs.org/@babel%2fhelper-module-imports 130ms (cache miss)
440 silly packumentCache full:https://registry.npmjs.org/@babel%2fhelper-module-imports set size:undefined disposed:false
441 http fetch GET 200 https://registry.npmjs.org/@babel%2fhelper-globals 118ms (cache miss)
442 silly packumentCache full:https://registry.npmjs.org/@babel%2fhelper-globals set size:undefined disposed:false
443 http fetch GET 200 https://registry.npmjs.org/@babel%2fhelper-string-parser 144ms (cache miss)
444 silly packumentCache full:https://registry.npmjs.org/@babel%2fhelper-string-parser set size:undefined disposed:false
445 http fetch GET 200 https://registry.npmjs.org/ms 124ms (cache miss)
446 silly packumentCache full:https://registry.npmjs.org/ms set size:undefined disposed:false
447 http fetch GET 200 https://registry.npmjs.org/@jridgewell%2fgen-mapping 184ms (cache miss)
448 silly packumentCache full:https://registry.npmjs.org/@jridgewell%2fgen-mapping set size:undefined disposed:false
449 silly placeDep ROOT @babel/helper-validator-identifier@7.29.7 OK for: @babel/code-frame@7.29.7 want: ^7.29.7
450 silly placeDep ROOT js-tokens@4.0.0 OK for: @babel/code-frame@7.29.7 want: ^4.0.0
451 silly placeDep ROOT picocolors@1.1.1 OK for: @babel/code-frame@7.29.7 want: ^1.1.1
452 silly placeDep ROOT @jridgewell/gen-mapping@0.3.13 OK for: @babel/generator@7.29.8 want: ^0.3.12
453 silly placeDep ROOT @jridgewell/trace-mapping@0.3.31 OK for: @babel/generator@7.29.8 want: ^0.3.28
454 silly placeDep ROOT jsesc@3.1.0 OK for: @babel/generator@7.29.8 want: ^3.0.2
455 silly fetch manifest @jridgewell/sourcemap-codec@^1.5.0
456 silly packumentCache full:https://registry.npmjs.org/@jridgewell%2fsourcemap-codec cache-miss
457 silly fetch manifest @jridgewell/resolve-uri@^3.1.0
458 silly packumentCache full:https://registry.npmjs.org/@jridgewell%2fresolve-uri cache-miss
459 silly fetch manifest @jridgewell/sourcemap-codec@^1.4.14
460 silly packumentCache full:https://registry.npmjs.org/@jridgewell%2fsourcemap-codec cache-miss
461 http fetch GET 200 https://registry.npmjs.org/@jridgewell%2fresolve-uri 122ms (cache miss)
462 silly packumentCache full:https://registry.npmjs.org/@jridgewell%2fresolve-uri set size:undefined disposed:false
463 http fetch GET 200 https://registry.npmjs.org/@jridgewell%2fsourcemap-codec 126ms (cache miss)
464 silly packumentCache full:https://registry.npmjs.org/@jridgewell%2fsourcemap-codec set size:undefined disposed:false
465 http fetch GET 200 https://registry.npmjs.org/@jridgewell%2fsourcemap-codec 197ms (cache miss)
466 silly packumentCache full:https://registry.npmjs.org/@jridgewell%2fsourcemap-codec set size:undefined disposed:false
467 silly placeDep ROOT @babel/compat-data@7.29.7 OK for: @babel/helper-compilation-targets@7.29.7 want: ^7.29.7
468 silly placeDep ROOT @babel/helper-validator-option@7.29.7 OK for: @babel/helper-compilation-targets@7.29.7 want: ^7.29.7
469 silly placeDep ROOT browserslist@4.29.3 OK for: @babel/helper-compilation-targets@7.29.7 want: ^4.24.0
470 silly placeDep ROOT lru-cache@5.1.1 OK for: @babel/helper-compilation-targets@7.29.7 want: ^5.1.1
471 silly fetch manifest caniuse-lite@^1.0.30001813
472 silly packumentCache full:https://registry.npmjs.org/caniuse-lite cache-miss
473 silly fetch manifest node-releases@^2.0.57
474 silly packumentCache full:https://registry.npmjs.org/node-releases cache-miss
475 silly fetch manifest electron-to-chromium@^1.5.439
476 silly packumentCache full:https://registry.npmjs.org/electron-to-chromium cache-miss
477 silly fetch manifest update-browserslist-db@^1.3.3
478 silly packumentCache full:https://registry.npmjs.org/update-browserslist-db cache-miss
479 silly fetch manifest baseline-browser-mapping@^2.11.26
480 silly packumentCache full:https://registry.npmjs.org/baseline-browser-mapping cache-miss
481 silly fetch manifest yallist@^3.0.2
482 silly packumentCache full:https://registry.npmjs.org/yallist cache-miss
483 http cache https://registry.npmjs.org/caniuse-lite 26ms (cache hit)
484 silly packumentCache full:https://registry.npmjs.org/caniuse-lite set size:2319807 disposed:false
485 http fetch GET 200 https://registry.npmjs.org/yallist 124ms (cache miss)
486 silly packumentCache full:https://registry.npmjs.org/yallist set size:undefined disposed:false
487 http fetch GET 200 https://registry.npmjs.org/update-browserslist-db 175ms (cache miss)
488 silly packumentCache full:https://registry.npmjs.org/update-browserslist-db set size:undefined disposed:false
489 http fetch GET 200 https://registry.npmjs.org/baseline-browser-mapping 225ms (cache miss)
490 silly packumentCache full:https://registry.npmjs.org/baseline-browser-mapping set size:undefined disposed:false
491 http fetch GET 200 https://registry.npmjs.org/node-releases 291ms (cache miss)
492 silly packumentCache full:https://registry.npmjs.org/node-releases set size:undefined disposed:false
493 http fetch GET 200 https://registry.npmjs.org/electron-to-chromium 564ms (cache miss)
494 silly packumentCache full:https://registry.npmjs.org/electron-to-chromium set size:undefined disposed:false
495 silly placeDep ROOT @babel/helper-module-imports@7.29.7 OK for: @babel/helper-module-transforms@7.29.7 want: ^7.29.7
496 silly placeDep ROOT @babel/helper-plugin-utils@7.29.7 OK for: @babel/plugin-transform-react-jsx-self@7.29.7 want: ^7.29.7
497 silly placeDep ROOT @babel/helper-globals@7.29.7 OK for: @babel/traverse@7.29.8 want: ^7.29.7
498 silly placeDep ROOT @babel/helper-string-parser@7.29.7 OK for: @babel/types@7.29.8 want: ^7.29.7
499 silly placeDep ROOT @jridgewell/sourcemap-codec@1.6.0 OK for: @jridgewell/gen-mapping@0.3.13 want: ^1.5.0
500 silly placeDep ROOT @jridgewell/resolve-uri@3.1.2 OK for: @jridgewell/trace-mapping@0.3.31 want: ^3.1.0
501 silly placeDep ROOT @types/babel__generator@7.27.0 OK for: @types/babel__core@7.20.5 want: *
502 silly placeDep ROOT @types/babel__template@7.4.4 OK for: @types/babel__core@7.20.5 want: *
503 silly placeDep ROOT @types/babel__traverse@7.28.0 OK for: @types/babel__core@7.20.5 want: *
504 silly placeDep ROOT caniuse-lite@1.0.30001814 OK for: autoprefixer@10.6.1 want: ^1.0.30001810
505 silly placeDep ROOT fraction.js@5.3.4 OK for: autoprefixer@10.6.1 want: ^5.3.4
506 silly placeDep ROOT postcss-value-parser@4.2.0 OK for: autoprefixer@10.6.1 want: ^4.2.0
507 silly fetch manifest browserslist@>= 4.21.0
508 silly packumentCache full:https://registry.npmjs.org/browserslist cache-hit
509 silly placeDep ROOT baseline-browser-mapping@2.11.27 OK for: browserslist@4.29.3 want: ^2.11.26
510 silly placeDep ROOT electron-to-chromium@1.5.449 OK for: browserslist@4.29.3 want: ^1.5.439
511 silly placeDep ROOT node-releases@2.0.57 OK for: browserslist@4.29.3 want: ^2.0.57
512 silly placeDep ROOT update-browserslist-db@1.3.3 OK for: browserslist@4.29.3 want: ^1.3.3
513 silly fetch manifest escalade@^3.2.0
514 silly packumentCache full:https://registry.npmjs.org/escalade cache-miss
515 http fetch GET 200 https://registry.npmjs.org/escalade 304ms (cache miss)
516 silly packumentCache full:https://registry.npmjs.org/escalade set size:undefined disposed:false
517 silly placeDep ROOT ms@2.1.3 OK for: debug@4.4.3 want: ^2.1.3
518 silly placeDep ROOT motion-dom@11.18.1 OK for: framer-motion@11.18.2 want: ^11.18.1
519 silly placeDep ROOT motion-utils@11.18.1 OK for: framer-motion@11.18.2 want: ^11.18.1
520 silly placeDep ROOT tslib@2.8.1 OK for: framer-motion@11.18.2 want: ^2.4.0
521 silly placeDep ROOT yallist@3.1.1 OK for: lru-cache@5.1.1 want: ^3.0.2
522 silly placeDep ROOT nanoid@3.3.20 OK for: postcss@8.5.29 want: ^3.3.19
523 silly placeDep ROOT source-map-js@1.2.2 OK for: postcss@8.5.29 want: ^1.2.2
524 silly placeDep ROOT loose-envify@1.4.0 OK for: react@18.3.1 want: ^1.1.0
525 silly placeDep ROOT scheduler@0.23.2 OK for: react-dom@18.3.1 want: ^0.23.2
526 silly fetch manifest postcss@^8.4.47
527 silly packumentCache full:https://registry.npmjs.org/postcss cache-hit
528 silly fetch manifest tsx@^4.8.1
529 silly packumentCache full:https://registry.npmjs.org/tsx cache-miss
530 http fetch GET 200 https://registry.npmjs.org/tsx 153ms (cache miss)
531 silly packumentCache full:https://registry.npmjs.org/tsx set size:undefined disposed:false
532 silly fetch manifest yaml@^2.4.2
533 silly packumentCache full:https://registry.npmjs.org/yaml cache-miss
534 http fetch GET 200 https://registry.npmjs.org/yaml 127ms (cache miss)
535 silly packumentCache full:https://registry.npmjs.org/yaml set size:undefined disposed:false
536 silly placeDep ROOT @alloc/quick-lru@5.3.0 OK for: tailwindcss@3.4.19 want: ^5.2.0
537 silly placeDep ROOT arg@5.0.2 OK for: tailwindcss@3.4.19 want: ^5.0.2
538 silly placeDep ROOT chokidar@3.6.0 OK for: tailwindcss@3.4.19 want: ^3.6.0
539 silly placeDep ROOT didyoumean@1.2.2 OK for: tailwindcss@3.4.19 want: ^1.2.2
540 silly placeDep ROOT dlv@1.1.3 OK for: tailwindcss@3.4.19 want: ^1.1.3
541 silly placeDep ROOT fast-glob@3.3.3 OK for: tailwindcss@3.4.19 want: ^3.3.2
542 silly placeDep ROOT glob-parent@6.0.2 OK for: tailwindcss@3.4.19 want: ^6.0.2
543 silly placeDep ROOT is-glob@4.0.3 OK for: tailwindcss@3.4.19 want: ^4.0.3
544 silly placeDep ROOT jiti@1.21.7 OK for: tailwindcss@3.4.19 want: ^1.21.7
545 silly placeDep ROOT lilconfig@3.1.3 OK for: tailwindcss@3.4.19 want: ^3.1.3
546 silly placeDep ROOT micromatch@4.0.8 OK for: tailwindcss@3.4.19 want: ^4.0.8
547 silly placeDep ROOT normalize-path@3.0.0 OK for: tailwindcss@3.4.19 want: ^3.0.0
548 silly placeDep ROOT object-hash@3.0.0 OK for: tailwindcss@3.4.19 want: ^3.0.0
549 silly placeDep ROOT postcss-import@15.1.0 OK for: tailwindcss@3.4.19 want: ^15.1.0
550 silly placeDep ROOT postcss-js@4.1.0 OK for: tailwindcss@3.4.19 want: ^4.0.1
551 silly placeDep ROOT postcss-load-config@6.0.1 OK for: tailwindcss@3.4.19 want: ^4.0.2 || ^5.0 || ^6.0
552 silly placeDep ROOT postcss-nested@6.2.0 OK for: tailwindcss@3.4.19 want: ^6.2.0
553 silly placeDep ROOT postcss-selector-parser@6.1.4 OK for: tailwindcss@3.4.19 want: ^6.1.2
554 silly placeDep ROOT resolve@1.22.13 OK for: tailwindcss@3.4.19 want: ^1.22.8
555 silly placeDep ROOT sucrase@3.35.1 OK for: tailwindcss@3.4.19 want: ^3.35.0
556 silly fetch manifest braces@~3.0.2
557 silly packumentCache full:https://registry.npmjs.org/braces cache-miss
558 silly fetch manifest is-glob@~4.0.1
559 silly packumentCache full:https://registry.npmjs.org/is-glob cache-miss
560 silly fetch manifest anymatch@~3.1.2
561 silly packumentCache full:https://registry.npmjs.org/anymatch cache-miss
562 silly fetch manifest readdirp@~3.6.0
563 silly packumentCache full:https://registry.npmjs.org/readdirp cache-miss
564 silly fetch manifest glob-parent@~5.1.2
565 silly packumentCache full:https://registry.npmjs.org/glob-parent cache-miss
566 silly fetch manifest is-binary-path@~2.1.0
567 silly packumentCache full:https://registry.npmjs.org/is-binary-path cache-miss
568 silly fetch manifest normalize-path@~3.0.0
569 silly packumentCache full:https://registry.npmjs.org/normalize-path cache-miss
570 http cache https://registry.npmjs.org/is-glob 19ms (cache hit)
571 silly packumentCache full:https://registry.npmjs.org/is-glob set size:40530 disposed:false
572 silly fetch manifest fsevents@~2.3.2
573 silly packumentCache full:https://registry.npmjs.org/fsevents cache-miss
574 http cache https://registry.npmjs.org/normalize-path 21ms (cache hit)
575 silly packumentCache full:https://registry.npmjs.org/normalize-path set size:28713 disposed:false
576 silly fetch manifest @nodelib/fs.stat@^2.0.2
577 silly packumentCache full:https://registry.npmjs.org/@nodelib%2ffs.stat cache-miss
578 http cache https://registry.npmjs.org/glob-parent 26ms (cache hit)
579 silly packumentCache full:https://registry.npmjs.org/glob-parent set size:42445 disposed:false
580 silly fetch manifest @nodelib/fs.walk@^1.2.3
581 silly packumentCache full:https://registry.npmjs.org/@nodelib%2ffs.walk cache-miss
582 http cache https://registry.npmjs.org/fsevents 17ms (cache hit)
583 silly packumentCache full:https://registry.npmjs.org/fsevents set size:182472 disposed:false
584 silly fetch manifest glob-parent@^5.1.2
585 silly packumentCache full:https://registry.npmjs.org/glob-parent cache-hit
586 silly fetch manifest merge2@^1.3.0
587 silly packumentCache full:https://registry.npmjs.org/merge2 cache-miss
588 http fetch GET 200 https://registry.npmjs.org/is-binary-path 96ms (cache miss)
589 silly packumentCache full:https://registry.npmjs.org/is-binary-path set size:undefined disposed:false
590 silly fetch manifest is-extglob@^2.1.1
591 silly packumentCache full:https://registry.npmjs.org/is-extglob cache-miss
592 http fetch GET 200 https://registry.npmjs.org/readdirp 120ms (cache miss)
593 silly packumentCache full:https://registry.npmjs.org/readdirp set size:undefined disposed:false
594 silly fetch manifest braces@^3.0.3
595 silly packumentCache full:https://registry.npmjs.org/braces cache-miss
596 http fetch GET 200 https://registry.npmjs.org/braces 135ms (cache miss)
597 silly packumentCache full:https://registry.npmjs.org/braces set size:undefined disposed:false
598 silly fetch manifest picomatch@^2.3.1
599 silly packumentCache full:https://registry.npmjs.org/picomatch cache-miss
600 http fetch GET 200 https://registry.npmjs.org/merge2 108ms (cache miss)
601 silly packumentCache full:https://registry.npmjs.org/merge2 set size:undefined disposed:false
602 silly fetch manifest resolve@^1.1.7
603 silly packumentCache full:https://registry.npmjs.org/resolve cache-miss
604 http cache https://registry.npmjs.org/resolve 13ms (cache hit)
605 silly packumentCache full:https://registry.npmjs.org/resolve set size:259411 disposed:false
606 silly fetch manifest read-cache@^1.0.0
607 silly packumentCache full:https://registry.npmjs.org/read-cache cache-miss
608 http fetch GET 200 https://registry.npmjs.org/@nodelib%2ffs.stat 147ms (cache miss)
609 silly packumentCache full:https://registry.npmjs.org/@nodelib%2ffs.stat set size:undefined disposed:false
610 silly fetch manifest camelcase-css@^2.0.1
611 silly packumentCache full:https://registry.npmjs.org/camelcase-css cache-miss
612 http fetch GET 200 https://registry.npmjs.org/anymatch 187ms (cache miss)
613 silly packumentCache full:https://registry.npmjs.org/anymatch set size:undefined disposed:false
614 silly fetch manifest postcss-selector-parser@^6.1.1
615 silly packumentCache full:https://registry.npmjs.org/postcss-selector-parser cache-miss
616 http cache https://registry.npmjs.org/postcss-selector-parser 12ms (cache hit)
617 silly packumentCache full:https://registry.npmjs.org/postcss-selector-parser set size:199901 disposed:false
618 silly fetch manifest cssesc@^3.0.0
619 silly packumentCache full:https://registry.npmjs.org/cssesc cache-miss
620 http fetch GET 200 https://registry.npmjs.org/@nodelib%2ffs.walk 183ms (cache miss)
621 silly packumentCache full:https://registry.npmjs.org/@nodelib%2ffs.walk set size:undefined disposed:false
622 silly fetch manifest util-deprecate@^1.0.2
623 silly packumentCache full:https://registry.npmjs.org/util-deprecate cache-miss
624 http fetch GET 200 https://registry.npmjs.org/read-cache 84ms (cache miss)
625 silly packumentCache full:https://registry.npmjs.org/read-cache set size:undefined disposed:false
626 silly fetch manifest es-errors@^1.3.0
627 silly packumentCache full:https://registry.npmjs.org/es-errors cache-miss
628 http fetch GET 200 https://registry.npmjs.org/camelcase-css 86ms (cache miss)
629 silly packumentCache full:https://registry.npmjs.org/camelcase-css set size:undefined disposed:false
630 silly fetch manifest path-parse@^1.0.7
631 silly packumentCache full:https://registry.npmjs.org/path-parse cache-miss
632 http fetch GET 200 https://registry.npmjs.org/is-extglob 166ms (cache miss)
633 silly packumentCache full:https://registry.npmjs.org/is-extglob set size:undefined disposed:false
634 silly fetch manifest is-core-module@^2.17.0
635 silly packumentCache full:https://registry.npmjs.org/is-core-module cache-miss
636 http fetch GET 200 https://registry.npmjs.org/braces 150ms (cache miss)
637 silly packumentCache full:https://registry.npmjs.org/braces set size:undefined disposed:false
638 silly fetch manifest supports-preserve-symlinks-flag@^1.0.0
639 silly packumentCache full:https://registry.npmjs.org/supports-preserve-symlinks-flag cache-miss
640 http fetch GET 200 https://registry.npmjs.org/picomatch 173ms (cache miss)
641 silly packumentCache full:https://registry.npmjs.org/picomatch set size:undefined disposed:false
642 silly fetch manifest commander@^4.0.0
643 silly packumentCache full:https://registry.npmjs.org/commander cache-miss
644 http fetch GET 200 https://registry.npmjs.org/es-errors 77ms (cache miss)
645 silly packumentCache full:https://registry.npmjs.org/es-errors set size:undefined disposed:false
646 silly fetch manifest lines-and-columns@^1.1.6
647 silly packumentCache full:https://registry.npmjs.org/lines-and-columns cache-miss
648 http fetch GET 200 https://registry.npmjs.org/util-deprecate 137ms (cache miss)
649 silly packumentCache full:https://registry.npmjs.org/util-deprecate set size:undefined disposed:false
650 silly fetch manifest mz@^2.7.0
651 silly packumentCache full:https://registry.npmjs.org/mz cache-miss
652 http fetch GET 200 https://registry.npmjs.org/path-parse 161ms (cache miss)
653 silly packumentCache full:https://registry.npmjs.org/path-parse set size:undefined disposed:false
654 silly fetch manifest pirates@^4.0.1
655 silly packumentCache full:https://registry.npmjs.org/pirates cache-miss
656 http fetch GET 200 https://registry.npmjs.org/cssesc 226ms (cache miss)
657 silly packumentCache full:https://registry.npmjs.org/cssesc set size:undefined disposed:false
658 silly fetch manifest tinyglobby@^0.2.11
659 silly packumentCache full:https://registry.npmjs.org/tinyglobby cache-miss
660 http fetch GET 200 https://registry.npmjs.org/is-core-module 165ms (cache miss)
661 silly packumentCache full:https://registry.npmjs.org/is-core-module set size:undefined disposed:false
662 silly fetch manifest ts-interface-checker@^0.1.9
663 silly packumentCache full:https://registry.npmjs.org/ts-interface-checker cache-miss
664 http fetch GET 200 https://registry.npmjs.org/lines-and-columns 113ms (cache miss)
665 silly packumentCache full:https://registry.npmjs.org/lines-and-columns set size:undefined disposed:false
666 http fetch GET 200 https://registry.npmjs.org/mz 108ms (cache miss)
667 silly packumentCache full:https://registry.npmjs.org/mz set size:undefined disposed:false
668 http fetch GET 200 https://registry.npmjs.org/supports-preserve-symlinks-flag 185ms (cache miss)
669 silly packumentCache full:https://registry.npmjs.org/supports-preserve-symlinks-flag set size:undefined disposed:false
670 http fetch GET 200 https://registry.npmjs.org/commander 227ms (cache miss)
671 silly packumentCache full:https://registry.npmjs.org/commander set size:undefined disposed:false
672 http fetch GET 200 https://registry.npmjs.org/pirates 124ms (cache miss)
673 silly packumentCache full:https://registry.npmjs.org/pirates set size:undefined disposed:false
674 http fetch GET 200 https://registry.npmjs.org/ts-interface-checker 123ms (cache miss)
675 silly packumentCache full:https://registry.npmjs.org/ts-interface-checker set size:undefined disposed:false
676 http fetch GET 200 https://registry.npmjs.org/tinyglobby 164ms (cache miss)
677 silly packumentCache full:https://registry.npmjs.org/tinyglobby set size:undefined disposed:false
678 silly placeDep ROOT anymatch@3.1.3 OK for: chokidar@3.6.0 want: ~3.1.2
679 silly placeDep ROOT braces@3.0.3 OK for: chokidar@3.6.0 want: ~3.0.2
680 silly placeDep ROOT fsevents@2.3.3 OK for: chokidar@3.6.0 want: ~2.3.2
681 silly placeDep node_modules/chokidar glob-parent@5.1.2 OK for: chokidar@3.6.0 want: ~5.1.2
682 silly placeDep ROOT is-binary-path@2.1.0 OK for: chokidar@3.6.0 want: ~2.1.0
683 silly placeDep ROOT readdirp@3.6.0 OK for: chokidar@3.6.0 want: ~3.6.0
684 silly fetch manifest picomatch@^2.0.4
685 silly packumentCache full:https://registry.npmjs.org/picomatch cache-miss
686 silly fetch manifest fill-range@^7.1.1
687 silly packumentCache full:https://registry.npmjs.org/fill-range cache-miss
688 silly fetch manifest binary-extensions@^2.0.0
689 silly packumentCache full:https://registry.npmjs.org/binary-extensions cache-miss
690 silly fetch manifest picomatch@^2.2.1
691 silly packumentCache full:https://registry.npmjs.org/picomatch cache-miss
692 http cache https://registry.npmjs.org/picomatch 17ms (cache hit)
693 silly packumentCache full:https://registry.npmjs.org/picomatch set size:134451 disposed:false
694 http cache https://registry.npmjs.org/picomatch 24ms (cache hit)
695 silly packumentCache full:https://registry.npmjs.org/picomatch set size:134451 disposed:false
696 silly packumentCache full:https://registry.npmjs.org/picomatch dispose
697 http fetch GET 200 https://registry.npmjs.org/fill-range 167ms (cache miss)
698 silly packumentCache full:https://registry.npmjs.org/fill-range set size:undefined disposed:false
699 http fetch GET 200 https://registry.npmjs.org/binary-extensions 173ms (cache miss)
700 silly packumentCache full:https://registry.npmjs.org/binary-extensions set size:undefined disposed:false
701 silly placeDep ROOT picomatch@2.3.2 OK for: anymatch@3.1.3 want: ^2.0.4
702 silly placeDep ROOT fill-range@7.1.1 OK for: braces@3.0.3 want: ^7.1.1
703 silly fetch manifest to-regex-range@^5.0.1
704 silly packumentCache full:https://registry.npmjs.org/to-regex-range cache-miss
705 http fetch GET 200 https://registry.npmjs.org/to-regex-range 133ms (cache miss)
706 silly packumentCache full:https://registry.npmjs.org/to-regex-range set size:undefined disposed:false
707 silly placeDep ROOT @nodelib/fs.stat@2.0.5 OK for: fast-glob@3.3.3 want: ^2.0.2
708 silly placeDep ROOT @nodelib/fs.walk@1.2.8 OK for: fast-glob@3.3.3 want: ^1.2.3
709 silly placeDep node_modules/fast-glob glob-parent@5.1.2 OK for: fast-glob@3.3.3 want: ^5.1.2
710 silly placeDep ROOT merge2@1.4.1 OK for: fast-glob@3.3.3 want: ^1.3.0
711 silly fetch manifest fastq@^1.6.0
712 silly packumentCache full:https://registry.npmjs.org/fastq cache-miss
713 silly fetch manifest @nodelib/fs.scandir@2.1.5
714 silly packumentCache full:https://registry.npmjs.org/@nodelib%2ffs.scandir cache-miss
715 http fetch GET 200 https://registry.npmjs.org/@nodelib%2ffs.scandir 130ms (cache miss)
716 silly packumentCache full:https://registry.npmjs.org/@nodelib%2ffs.scandir set size:undefined disposed:false
717 http fetch GET 200 https://registry.npmjs.org/fastq 157ms (cache miss)
718 silly packumentCache full:https://registry.npmjs.org/fastq set size:undefined disposed:false
719 silly placeDep ROOT @nodelib/fs.scandir@2.1.5 OK for: @nodelib/fs.walk@1.2.8 want: 2.1.5
720 silly placeDep ROOT fastq@1.20.3 OK for: @nodelib/fs.walk@1.2.8 want: ^1.6.0
721 silly fetch manifest run-parallel@^1.1.9
722 silly packumentCache full:https://registry.npmjs.org/run-parallel cache-miss
723 silly fetch manifest reusify@^1.0.4
724 silly packumentCache full:https://registry.npmjs.org/reusify cache-miss
725 http fetch GET 200 https://registry.npmjs.org/reusify 115ms (cache miss)
726 silly packumentCache full:https://registry.npmjs.org/reusify set size:undefined disposed:false
727 http fetch GET 200 https://registry.npmjs.org/run-parallel 147ms (cache miss)
728 silly packumentCache full:https://registry.npmjs.org/run-parallel set size:undefined disposed:false
729 silly placeDep ROOT run-parallel@1.2.0 OK for: @nodelib/fs.scandir@2.1.5 want: ^1.1.9
730 silly fetch manifest queue-microtask@^1.2.2
731 silly packumentCache full:https://registry.npmjs.org/queue-microtask cache-miss
732 http fetch GET 200 https://registry.npmjs.org/queue-microtask 113ms (cache miss)
733 silly packumentCache full:https://registry.npmjs.org/queue-microtask set size:undefined disposed:false
734 silly placeDep ROOT reusify@1.1.0 OK for: fastq@1.20.3 want: ^1.0.4
735 silly placeDep ROOT to-regex-range@5.0.1 OK for: fill-range@7.1.1 want: ^5.0.1
736 silly fetch manifest is-number@^7.0.0
737 silly packumentCache full:https://registry.npmjs.org/is-number cache-miss
738 http fetch GET 200 https://registry.npmjs.org/is-number 170ms (cache miss)
739 silly packumentCache full:https://registry.npmjs.org/is-number set size:undefined disposed:false
740 silly placeDep ROOT binary-extensions@2.3.0 OK for: is-binary-path@2.1.0 want: ^2.0.0
741 silly placeDep ROOT is-extglob@2.1.1 OK for: is-glob@4.0.3 want: ^2.1.1
742 silly placeDep ROOT read-cache@1.0.2 OK for: postcss-import@15.1.0 want: ^1.0.0
743 silly placeDep ROOT camelcase-css@2.0.1 OK for: postcss-js@4.1.0 want: ^2.0.1
744 silly placeDep ROOT cssesc@3.0.0 OK for: postcss-selector-parser@6.1.4 want: ^3.0.0
745 silly placeDep ROOT util-deprecate@1.0.2 OK for: postcss-selector-parser@6.1.4 want: ^1.0.2
746 silly placeDep ROOT es-errors@1.3.0 OK for: resolve@1.22.13 want: ^1.3.0
747 silly placeDep ROOT is-core-module@2.17.0 OK for: resolve@1.22.13 want: ^2.17.0
748 silly placeDep ROOT path-parse@1.0.7 OK for: resolve@1.22.13 want: ^1.0.7
749 silly placeDep ROOT supports-preserve-symlinks-flag@1.0.0 OK for: resolve@1.22.13 want: ^1.0.0
750 silly fetch manifest hasown@^2.0.4
751 silly packumentCache full:https://registry.npmjs.org/hasown cache-miss
752 http fetch GET 200 https://registry.npmjs.org/hasown 165ms (cache miss)
753 silly packumentCache full:https://registry.npmjs.org/hasown set size:undefined disposed:false
754 silly placeDep ROOT hasown@2.0.4 OK for: is-core-module@2.17.0 want: ^2.0.4
755 silly fetch manifest function-bind@^1.1.2
756 silly packumentCache full:https://registry.npmjs.org/function-bind cache-miss
757 http fetch GET 200 https://registry.npmjs.org/function-bind 143ms (cache miss)
758 silly packumentCache full:https://registry.npmjs.org/function-bind set size:undefined disposed:false
759 silly placeDep ROOT function-bind@1.1.2 OK for: hasown@2.0.4 want: ^1.1.2
760 silly placeDep ROOT queue-microtask@1.2.3 OK for: run-parallel@1.2.0 want: ^1.2.2
761 silly placeDep ROOT commander@4.1.1 OK for: sucrase@3.35.1 want: ^4.0.0
762 silly placeDep ROOT lines-and-columns@1.2.4 OK for: sucrase@3.35.1 want: ^1.1.6
763 silly placeDep ROOT mz@2.7.0 OK for: sucrase@3.35.1 want: ^2.7.0
764 silly placeDep ROOT pirates@4.0.7 OK for: sucrase@3.35.1 want: ^4.0.1
765 silly placeDep ROOT tinyglobby@0.2.17 OK for: sucrase@3.35.1 want: ^0.2.11
766 silly placeDep ROOT ts-interface-checker@0.1.13 OK for: sucrase@3.35.1 want: ^0.1.9
767 silly fetch manifest any-promise@^1.0.0
768 silly packumentCache full:https://registry.npmjs.org/any-promise cache-miss
769 silly fetch manifest object-assign@^4.0.1
770 silly packumentCache full:https://registry.npmjs.org/object-assign cache-miss
771 silly fetch manifest thenify-all@^1.0.0
772 silly packumentCache full:https://registry.npmjs.org/thenify-all cache-miss
773 silly fetch manifest fdir@^6.5.0
774 silly packumentCache full:https://registry.npmjs.org/fdir cache-miss
775 silly fetch manifest picomatch@^4.0.4
776 silly packumentCache full:https://registry.npmjs.org/picomatch cache-hit
777 http fetch GET 200 https://registry.npmjs.org/fdir 167ms (cache miss)
778 silly packumentCache full:https://registry.npmjs.org/fdir set size:undefined disposed:false
779 http fetch GET 200 https://registry.npmjs.org/any-promise 207ms (cache miss)
780 silly packumentCache full:https://registry.npmjs.org/any-promise set size:undefined disposed:false
781 http fetch GET 200 https://registry.npmjs.org/object-assign 331ms (cache miss)
782 silly packumentCache full:https://registry.npmjs.org/object-assign set size:undefined disposed:false
783 http fetch GET 200 https://registry.npmjs.org/thenify-all 569ms (cache miss)
784 silly packumentCache full:https://registry.npmjs.org/thenify-all set size:undefined disposed:false
785 silly placeDep ROOT any-promise@1.3.0 OK for: mz@2.7.0 want: ^1.0.0
786 silly placeDep ROOT object-assign@4.1.1 OK for: mz@2.7.0 want: ^4.0.1
787 silly placeDep ROOT thenify-all@1.6.0 OK for: mz@2.7.0 want: ^1.0.0
788 silly fetch manifest thenify@>= 3.1.0 < 4
789 silly packumentCache full:https://registry.npmjs.org/thenify cache-miss
790 http fetch GET 200 https://registry.npmjs.org/thenify 142ms (cache miss)
791 silly packumentCache full:https://registry.npmjs.org/thenify set size:undefined disposed:false
792 silly placeDep ROOT thenify@3.3.1 OK for: thenify-all@1.6.0 want: >= 3.1.0 < 4
793 silly placeDep node_modules/tinyglobby fdir@6.5.0 OK for: tinyglobby@0.2.17 want: ^6.5.0
794 silly placeDep node_modules/tinyglobby picomatch@4.0.7 OK for: fdir@6.5.0 want: ^3 || ^4
795 silly placeDep ROOT is-number@7.0.0 OK for: to-regex-range@5.0.1 want: ^7.0.0
796 silly placeDep ROOT escalade@3.2.0 OK for: update-browserslist-db@1.3.3 want: ^3.2.0
797 silly placeDep ROOT esbuild@0.21.5 OK for: vite@5.4.21 want: ^0.21.3
798 silly placeDep ROOT rollup@4.64.1 OK for: vite@5.4.21 want: ^4.20.0
799 silly fetch manifest @esbuild/aix-ppc64@0.21.5
800 silly packumentCache full:https://registry.npmjs.org/@esbuild%2faix-ppc64 cache-miss
801 silly fetch manifest @esbuild/linux-arm@0.21.5
802 silly packumentCache full:https://registry.npmjs.org/@esbuild%2flinux-arm cache-miss
803 silly fetch manifest @esbuild/linux-x64@0.21.5
804 silly packumentCache full:https://registry.npmjs.org/@esbuild%2flinux-x64 cache-miss
805 silly fetch manifest @esbuild/sunos-x64@0.21.5
806 silly packumentCache full:https://registry.npmjs.org/@esbuild%2fsunos-x64 cache-miss
807 silly fetch manifest @esbuild/win32-x64@0.21.5
808 silly packumentCache full:https://registry.npmjs.org/@esbuild%2fwin32-x64 cache-miss
809 silly fetch manifest @esbuild/darwin-x64@0.21.5
810 silly packumentCache full:https://registry.npmjs.org/@esbuild%2fdarwin-x64 cache-miss
811 silly fetch manifest @esbuild/linux-ia32@0.21.5
812 silly packumentCache full:https://registry.npmjs.org/@esbuild%2flinux-ia32 cache-miss
813 http fetch GET 200 https://registry.npmjs.org/@esbuild%2faix-ppc64 137ms (cache miss)
814 silly packumentCache full:https://registry.npmjs.org/@esbuild%2faix-ppc64 set size:undefined disposed:false
815 silly fetch manifest @esbuild/netbsd-x64@0.21.5
816 silly packumentCache full:https://registry.npmjs.org/@esbuild%2fnetbsd-x64 cache-miss
817 http fetch GET 200 https://registry.npmjs.org/@esbuild%2fwin32-x64 232ms (cache miss)
818 silly packumentCache full:https://registry.npmjs.org/@esbuild%2fwin32-x64 set size:undefined disposed:false
819 silly fetch manifest @esbuild/win32-ia32@0.21.5
820 silly packumentCache full:https://registry.npmjs.org/@esbuild%2fwin32-ia32 cache-miss
821 http fetch GET 200 https://registry.npmjs.org/@esbuild%2fwin32-ia32 173ms (cache miss)
822 silly packumentCache full:https://registry.npmjs.org/@esbuild%2fwin32-ia32 set size:undefined disposed:false
823 silly fetch manifest @esbuild/android-arm@0.21.5
824 silly packumentCache full:https://registry.npmjs.org/@esbuild%2fandroid-arm cache-miss
825 http fetch GET 200 https://registry.npmjs.org/@esbuild%2fandroid-arm 178ms (cache miss)
826 silly packumentCache full:https://registry.npmjs.org/@esbuild%2fandroid-arm set size:undefined disposed:false
827 silly fetch manifest @esbuild/android-x64@0.21.5
828 silly packumentCache full:https://registry.npmjs.org/@esbuild%2fandroid-x64 cache-miss
829 http fetch GET 200 https://registry.npmjs.org/@esbuild%2fandroid-x64 147ms (cache miss)
830 silly packumentCache full:https://registry.npmjs.org/@esbuild%2fandroid-x64 set size:undefined disposed:false
831 silly fetch manifest @esbuild/freebsd-x64@0.21.5
832 silly packumentCache full:https://registry.npmjs.org/@esbuild%2ffreebsd-x64 cache-miss
833 http fetch GET 200 https://registry.npmjs.org/@esbuild%2flinux-x64 834ms (cache miss)
834 silly packumentCache full:https://registry.npmjs.org/@esbuild%2flinux-x64 set size:undefined disposed:false
835 silly fetch manifest @esbuild/linux-arm64@0.21.5
836 silly packumentCache full:https://registry.npmjs.org/@esbuild%2flinux-arm64 cache-miss
837 http fetch GET 200 https://registry.npmjs.org/@esbuild%2ffreebsd-x64 140ms (cache miss)
838 silly packumentCache full:https://registry.npmjs.org/@esbuild%2ffreebsd-x64 set size:undefined disposed:false
839 silly fetch manifest @esbuild/linux-ppc64@0.21.5
840 silly packumentCache full:https://registry.npmjs.org/@esbuild%2flinux-ppc64 cache-miss
841 http fetch GET 200 https://registry.npmjs.org/@esbuild%2flinux-arm 933ms (cache miss)
842 silly packumentCache full:https://registry.npmjs.org/@esbuild%2flinux-arm set size:undefined disposed:false
843 silly fetch manifest @esbuild/linux-s390x@0.21.5
844 silly packumentCache full:https://registry.npmjs.org/@esbuild%2flinux-s390x cache-miss
845 http fetch GET 200 https://registry.npmjs.org/@esbuild%2flinux-ia32 1006ms (cache miss)
846 silly packumentCache full:https://registry.npmjs.org/@esbuild%2flinux-ia32 set size:undefined disposed:false
847 silly fetch manifest @esbuild/openbsd-x64@0.21.5
848 silly packumentCache full:https://registry.npmjs.org/@esbuild%2fopenbsd-x64 cache-miss
849 http fetch GET 200 https://registry.npmjs.org/@esbuild%2flinux-ppc64 130ms (cache miss)
850 silly packumentCache full:https://registry.npmjs.org/@esbuild%2flinux-ppc64 set size:undefined disposed:false
851 silly fetch manifest @esbuild/win32-arm64@0.21.5
852 silly packumentCache full:https://registry.npmjs.org/@esbuild%2fwin32-arm64 cache-miss
853 http fetch GET 200 https://registry.npmjs.org/@esbuild%2flinux-arm64 489ms (cache miss)
854 silly packumentCache full:https://registry.npmjs.org/@esbuild%2flinux-arm64 set size:undefined disposed:false
855 silly fetch manifest @esbuild/darwin-arm64@0.21.5
856 silly packumentCache full:https://registry.npmjs.org/@esbuild%2fdarwin-arm64 cache-miss
857 http fetch GET 200 https://registry.npmjs.org/@esbuild%2fnetbsd-x64 1203ms (cache miss)
858 silly packumentCache full:https://registry.npmjs.org/@esbuild%2fnetbsd-x64 set size:undefined disposed:false
859 silly fetch manifest @esbuild/android-arm64@0.21.5
860 silly packumentCache full:https://registry.npmjs.org/@esbuild%2fandroid-arm64 cache-miss
861 http fetch GET 200 https://registry.npmjs.org/@esbuild%2flinux-s390x 412ms (cache miss)
862 silly packumentCache full:https://registry.npmjs.org/@esbuild%2flinux-s390x set size:undefined disposed:false
863 silly fetch manifest @esbuild/freebsd-arm64@0.21.5
864 silly packumentCache full:https://registry.npmjs.org/@esbuild%2ffreebsd-arm64 cache-miss
865 http fetch GET 200 https://registry.npmjs.org/@esbuild%2fdarwin-x64 1548ms (cache miss)
866 silly packumentCache full:https://registry.npmjs.org/@esbuild%2fdarwin-x64 set size:undefined disposed:false
867 silly fetch manifest @esbuild/linux-loong64@0.21.5
868 silly packumentCache full:https://registry.npmjs.org/@esbuild%2flinux-loong64 cache-miss
869 http fetch GET 200 https://registry.npmjs.org/@esbuild%2fopenbsd-x64 623ms (cache miss)
870 silly packumentCache full:https://registry.npmjs.org/@esbuild%2fopenbsd-x64 set size:undefined disposed:false
871 silly fetch manifest @esbuild/linux-riscv64@0.21.5
872 silly packumentCache full:https://registry.npmjs.org/@esbuild%2flinux-riscv64 cache-miss
873 http fetch GET 200 https://registry.npmjs.org/@esbuild%2flinux-loong64 198ms (cache miss)
874 silly packumentCache full:https://registry.npmjs.org/@esbuild%2flinux-loong64 set size:undefined disposed:false
875 silly fetch manifest @esbuild/linux-mips64el@0.21.5
876 silly packumentCache full:https://registry.npmjs.org/@esbuild%2flinux-mips64el cache-miss
877 http fetch GET 200 https://registry.npmjs.org/@esbuild%2ffreebsd-arm64 447ms (cache miss)
878 silly packumentCache full:https://registry.npmjs.org/@esbuild%2ffreebsd-arm64 set size:undefined disposed:false
879 silly fetch manifest @types/estree@1.0.9
880 silly packumentCache full:https://registry.npmjs.org/@types%2festree cache-miss
881 http fetch GET 200 https://registry.npmjs.org/@esbuild%2fandroid-arm64 474ms (cache miss)
882 silly packumentCache full:https://registry.npmjs.org/@esbuild%2fandroid-arm64 set size:undefined disposed:false
883 silly fetch manifest @rollup/rollup-darwin-x64@4.64.1
884 silly packumentCache full:https://registry.npmjs.org/@rollup%2frollup-darwin-x64 cache-miss
885 http fetch GET 200 https://registry.npmjs.org/@esbuild%2fwin32-arm64 879ms (cache miss)
886 silly packumentCache full:https://registry.npmjs.org/@esbuild%2fwin32-arm64 set size:undefined disposed:false
887 silly fetch manifest @rollup/rollup-freebsd-x64@4.64.1
888 silly packumentCache full:https://registry.npmjs.org/@rollup%2frollup-freebsd-x64 cache-miss
889 http fetch GET 200 https://registry.npmjs.org/@esbuild%2flinux-riscv64 285ms (cache miss)
890 silly packumentCache full:https://registry.npmjs.org/@esbuild%2flinux-riscv64 set size:undefined disposed:false
891 silly fetch manifest @rollup/rollup-openbsd-x64@4.64.1
892 silly packumentCache full:https://registry.npmjs.org/@rollup%2frollup-openbsd-x64 cache-miss
893 http fetch GET 200 https://registry.npmjs.org/@esbuild%2fsunos-x64 1951ms (cache miss)
894 silly packumentCache full:https://registry.npmjs.org/@esbuild%2fsunos-x64 set size:undefined disposed:false
895 silly fetch manifest @napi-rs/lzma-linux-x64-gnu@1.5.1
896 silly packumentCache full:https://registry.npmjs.org/@napi-rs%2flzma-linux-x64-gnu cache-miss
897 http fetch GET 200 https://registry.npmjs.org/@esbuild%2fdarwin-arm64 635ms (cache miss)
898 silly packumentCache full:https://registry.npmjs.org/@esbuild%2fdarwin-arm64 set size:undefined disposed:false
899 silly fetch manifest @rollup/rollup-darwin-arm64@4.64.1
900 silly packumentCache full:https://registry.npmjs.org/@rollup%2frollup-darwin-arm64 cache-miss
901 http fetch GET 200 https://registry.npmjs.org/@esbuild%2flinux-mips64el 270ms (cache miss)
902 silly packumentCache full:https://registry.npmjs.org/@esbuild%2flinux-mips64el set size:undefined disposed:false
903 silly fetch manifest @rollup/rollup-android-arm64@4.64.1
904 silly packumentCache full:https://registry.npmjs.org/@rollup%2frollup-android-arm64 cache-miss
905 http fetch GET 200 https://registry.npmjs.org/@napi-rs%2flzma-linux-x64-gnu 109ms (cache miss)
906 silly packumentCache full:https://registry.npmjs.org/@napi-rs%2flzma-linux-x64-gnu set size:undefined disposed:false
907 silly fetch manifest @rollup/rollup-freebsd-arm64@4.64.1
908 silly packumentCache full:https://registry.npmjs.org/@rollup%2frollup-freebsd-arm64 cache-miss
909 http fetch GET 200 https://registry.npmjs.org/@types%2festree 266ms (cache miss)
910 silly packumentCache full:https://registry.npmjs.org/@types%2festree set size:undefined disposed:false
911 silly fetch manifest @rollup/rollup-linux-x64-gnu@4.64.1
912 silly packumentCache full:https://registry.npmjs.org/@rollup%2frollup-linux-x64-gnu cache-miss
913 http fetch GET 200 https://registry.npmjs.org/@rollup%2frollup-freebsd-x64 296ms (cache miss)
914 silly packumentCache full:https://registry.npmjs.org/@rollup%2frollup-freebsd-x64 set size:undefined disposed:false
915 silly fetch manifest @rollup/rollup-win32-x64-gnu@4.64.1
916 silly packumentCache full:https://registry.npmjs.org/@rollup%2frollup-win32-x64-gnu cache-miss
917 http fetch GET 200 https://registry.npmjs.org/@rollup%2frollup-openbsd-x64 409ms (cache miss)
918 silly packumentCache full:https://registry.npmjs.org/@rollup%2frollup-openbsd-x64 set size:undefined disposed:false
919 silly fetch manifest @rollup/rollup-linux-x64-musl@4.64.1
920 silly packumentCache full:https://registry.npmjs.org/@rollup%2frollup-linux-x64-musl cache-miss
921 http fetch GET 200 https://registry.npmjs.org/@rollup%2frollup-darwin-x64 518ms (cache miss)
922 silly packumentCache full:https://registry.npmjs.org/@rollup%2frollup-darwin-x64 set size:undefined disposed:false
923 silly fetch manifest @rollup/rollup-win32-x64-msvc@4.64.1
924 silly packumentCache full:https://registry.npmjs.org/@rollup%2frollup-win32-x64-msvc cache-miss
925 http fetch GET 200 https://registry.npmjs.org/@rollup%2frollup-android-arm64 322ms (cache miss)
926 silly packumentCache full:https://registry.npmjs.org/@rollup%2frollup-android-arm64 set size:undefined disposed:false
927 silly fetch manifest @rollup/rollup-linux-arm64-gnu@4.64.1
928 silly packumentCache full:https://registry.npmjs.org/@rollup%2frollup-linux-arm64-gnu cache-miss
929 http fetch GET 200 https://registry.npmjs.org/@rollup%2frollup-freebsd-arm64 290ms (cache miss)
930 silly packumentCache full:https://registry.npmjs.org/@rollup%2frollup-freebsd-arm64 set size:undefined disposed:false
931 silly fetch manifest @rollup/rollup-linux-ppc64-gnu@4.64.1
932 silly packumentCache full:https://registry.npmjs.org/@rollup%2frollup-linux-ppc64-gnu cache-miss
933 http fetch GET 200 https://registry.npmjs.org/@rollup%2frollup-win32-x64-gnu 152ms (cache miss)
934 silly packumentCache full:https://registry.npmjs.org/@rollup%2frollup-win32-x64-gnu set size:undefined disposed:false
935 silly fetch manifest @rollup/rollup-linux-s390x-gnu@4.64.1
936 silly packumentCache full:https://registry.npmjs.org/@rollup%2frollup-linux-s390x-gnu cache-miss
937 http fetch GET 200 https://registry.npmjs.org/@rollup%2frollup-linux-ppc64-gnu 134ms (cache miss)
938 silly packumentCache full:https://registry.npmjs.org/@rollup%2frollup-linux-ppc64-gnu set size:undefined disposed:false
939 silly fetch manifest @rollup/rollup-win32-ia32-msvc@4.64.1
940 silly packumentCache full:https://registry.npmjs.org/@rollup%2frollup-win32-ia32-msvc cache-miss
941 http fetch GET 200 https://registry.npmjs.org/@rollup%2frollup-darwin-arm64 578ms (cache miss)
942 silly packumentCache full:https://registry.npmjs.org/@rollup%2frollup-darwin-arm64 set size:undefined disposed:false
943 silly fetch manifest @rollup/rollup-android-arm-eabi@4.64.1
944 silly packumentCache full:https://registry.npmjs.org/@rollup%2frollup-android-arm-eabi cache-miss
945 http fetch GET 200 https://registry.npmjs.org/@rollup%2frollup-linux-s390x-gnu 192ms (cache miss)
946 silly packumentCache full:https://registry.npmjs.org/@rollup%2frollup-linux-s390x-gnu set size:undefined disposed:false
947 silly fetch manifest @rollup/rollup-linux-arm64-musl@4.64.1
948 silly packumentCache full:https://registry.npmjs.org/@rollup%2frollup-linux-arm64-musl cache-miss
949 http fetch GET 200 https://registry.npmjs.org/@rollup%2frollup-linux-x64-gnu 519ms (cache miss)
950 silly packumentCache full:https://registry.npmjs.org/@rollup%2frollup-linux-x64-gnu set size:undefined disposed:false
951 silly fetch manifest @rollup/rollup-linux-ppc64-musl@4.64.1
952 silly packumentCache full:https://registry.npmjs.org/@rollup%2frollup-linux-ppc64-musl cache-miss
953 http fetch GET 200 https://registry.npmjs.org/@rollup%2frollup-win32-x64-msvc 281ms (cache miss)
954 silly packumentCache full:https://registry.npmjs.org/@rollup%2frollup-win32-x64-msvc set size:undefined disposed:false
955 silly fetch manifest @rollup/rollup-win32-arm64-msvc@4.64.1
956 silly packumentCache full:https://registry.npmjs.org/@rollup%2frollup-win32-arm64-msvc cache-miss
957 http fetch GET 200 https://registry.npmjs.org/@rollup%2frollup-linux-arm64-gnu 398ms (cache miss)
958 silly packumentCache full:https://registry.npmjs.org/@rollup%2frollup-linux-arm64-gnu set size:undefined disposed:false
959 silly fetch manifest @rollup/rollup-linux-loong64-gnu@4.64.1
960 silly packumentCache full:https://registry.npmjs.org/@rollup%2frollup-linux-loong64-gnu cache-miss
961 http fetch GET 200 https://registry.npmjs.org/@rollup%2frollup-win32-ia32-msvc 264ms (cache miss)
962 silly packumentCache full:https://registry.npmjs.org/@rollup%2frollup-win32-ia32-msvc set size:undefined disposed:false
963 silly fetch manifest @rollup/rollup-linux-riscv64-gnu@4.64.1
964 silly packumentCache full:https://registry.npmjs.org/@rollup%2frollup-linux-riscv64-gnu cache-miss
965 http fetch GET 200 https://registry.npmjs.org/@rollup%2frollup-linux-arm64-musl 228ms (cache miss)
966 silly packumentCache full:https://registry.npmjs.org/@rollup%2frollup-linux-arm64-musl set size:undefined disposed:false
967 silly fetch manifest @rollup/rollup-openharmony-arm64@4.64.1
968 silly packumentCache full:https://registry.npmjs.org/@rollup%2frollup-openharmony-arm64 cache-miss
969 http fetch GET 200 https://registry.npmjs.org/@rollup%2frollup-linux-ppc64-musl 231ms (cache miss)
970 silly packumentCache full:https://registry.npmjs.org/@rollup%2frollup-linux-ppc64-musl set size:undefined disposed:false
971 silly fetch manifest @rollup/rollup-linux-loong64-musl@4.64.1
972 silly packumentCache full:https://registry.npmjs.org/@rollup%2frollup-linux-loong64-musl cache-miss
973 http fetch GET 200 https://registry.npmjs.org/@rollup%2frollup-linux-x64-musl 496ms (cache miss)
974 silly packumentCache full:https://registry.npmjs.org/@rollup%2frollup-linux-x64-musl set size:undefined disposed:false
975 silly fetch manifest @rollup/rollup-linux-riscv64-musl@4.64.1
976 silly packumentCache full:https://registry.npmjs.org/@rollup%2frollup-linux-riscv64-musl cache-miss
977 http fetch GET 200 https://registry.npmjs.org/@rollup%2frollup-win32-arm64-msvc 222ms (cache miss)
978 silly packumentCache full:https://registry.npmjs.org/@rollup%2frollup-win32-arm64-msvc set size:undefined disposed:false
979 silly fetch manifest @rollup/rollup-linux-arm-gnueabihf@4.64.1
980 silly packumentCache full:https://registry.npmjs.org/@rollup%2frollup-linux-arm-gnueabihf cache-miss
981 http fetch GET 200 https://registry.npmjs.org/@rollup%2frollup-linux-loong64-gnu 106ms (cache miss)
982 silly packumentCache full:https://registry.npmjs.org/@rollup%2frollup-linux-loong64-gnu set size:undefined disposed:false
983 silly fetch manifest @rollup/rollup-linux-arm-musleabihf@4.64.1
984 silly packumentCache full:https://registry.npmjs.org/@rollup%2frollup-linux-arm-musleabihf cache-miss
985 http fetch GET 200 https://registry.npmjs.org/@rollup%2frollup-linux-loong64-musl 271ms (cache miss)
986 silly packumentCache full:https://registry.npmjs.org/@rollup%2frollup-linux-loong64-musl set size:undefined disposed:false
987 http fetch GET 200 https://registry.npmjs.org/@rollup%2frollup-linux-riscv64-musl 272ms (cache miss)
988 silly packumentCache full:https://registry.npmjs.org/@rollup%2frollup-linux-riscv64-musl set size:undefined disposed:false
989 http fetch GET 200 https://registry.npmjs.org/@rollup%2frollup-linux-riscv64-gnu 353ms (cache miss)
990 silly packumentCache full:https://registry.npmjs.org/@rollup%2frollup-linux-riscv64-gnu set size:undefined disposed:false
991 http fetch GET 200 https://registry.npmjs.org/@rollup%2frollup-linux-arm-musleabihf 256ms (cache miss)
992 silly packumentCache full:https://registry.npmjs.org/@rollup%2frollup-linux-arm-musleabihf set size:undefined disposed:false
993 http fetch GET 200 https://registry.npmjs.org/@rollup%2frollup-linux-arm-gnueabihf 274ms (cache miss)
994 silly packumentCache full:https://registry.npmjs.org/@rollup%2frollup-linux-arm-gnueabihf set size:undefined disposed:false
995 http fetch GET 200 https://registry.npmjs.org/@rollup%2frollup-openharmony-arm64 335ms (cache miss)
996 silly packumentCache full:https://registry.npmjs.org/@rollup%2frollup-openharmony-arm64 set size:undefined disposed:false
997 http fetch GET 200 https://registry.npmjs.org/@rollup%2frollup-android-arm-eabi 925ms (cache miss)
998 silly packumentCache full:https://registry.npmjs.org/@rollup%2frollup-android-arm-eabi set size:undefined disposed:false
999 silly placeDep ROOT @esbuild/aix-ppc64@0.21.5 OK for: esbuild@0.21.5 want: 0.21.5
1000 silly placeDep ROOT @esbuild/android-arm@0.21.5 OK for: esbuild@0.21.5 want: 0.21.5
1001 silly placeDep ROOT @esbuild/android-arm64@0.21.5 OK for: esbuild@0.21.5 want: 0.21.5
1002 silly placeDep ROOT @esbuild/android-x64@0.21.5 OK for: esbuild@0.21.5 want: 0.21.5
1003 silly placeDep ROOT @esbuild/darwin-arm64@0.21.5 OK for: esbuild@0.21.5 want: 0.21.5
1004 silly placeDep ROOT @esbuild/darwin-x64@0.21.5 OK for: esbuild@0.21.5 want: 0.21.5
1005 silly placeDep ROOT @esbuild/freebsd-arm64@0.21.5 OK for: esbuild@0.21.5 want: 0.21.5
1006 silly placeDep ROOT @esbuild/freebsd-x64@0.21.5 OK for: esbuild@0.21.5 want: 0.21.5
1007 silly placeDep ROOT @esbuild/linux-arm@0.21.5 OK for: esbuild@0.21.5 want: 0.21.5
1008 silly placeDep ROOT @esbuild/linux-arm64@0.21.5 OK for: esbuild@0.21.5 want: 0.21.5
1009 silly placeDep ROOT @esbuild/linux-ia32@0.21.5 OK for: esbuild@0.21.5 want: 0.21.5
1010 silly placeDep ROOT @esbuild/linux-loong64@0.21.5 OK for: esbuild@0.21.5 want: 0.21.5
1011 silly placeDep ROOT @esbuild/linux-mips64el@0.21.5 OK for: esbuild@0.21.5 want: 0.21.5
1012 silly placeDep ROOT @esbuild/linux-ppc64@0.21.5 OK for: esbuild@0.21.5 want: 0.21.5
1013 silly placeDep ROOT @esbuild/linux-riscv64@0.21.5 OK for: esbuild@0.21.5 want: 0.21.5
1014 silly placeDep ROOT @esbuild/linux-s390x@0.21.5 OK for: esbuild@0.21.5 want: 0.21.5
1015 silly placeDep ROOT @esbuild/linux-x64@0.21.5 OK for: esbuild@0.21.5 want: 0.21.5
1016 silly placeDep ROOT @esbuild/netbsd-x64@0.21.5 OK for: esbuild@0.21.5 want: 0.21.5
1017 silly placeDep ROOT @esbuild/openbsd-x64@0.21.5 OK for: esbuild@0.21.5 want: 0.21.5
1018 silly placeDep ROOT @esbuild/sunos-x64@0.21.5 OK for: esbuild@0.21.5 want: 0.21.5
1019 silly placeDep ROOT @esbuild/win32-arm64@0.21.5 OK for: esbuild@0.21.5 want: 0.21.5
1020 silly placeDep ROOT @esbuild/win32-ia32@0.21.5 OK for: esbuild@0.21.5 want: 0.21.5
1021 silly placeDep ROOT @esbuild/win32-x64@0.21.5 OK for: esbuild@0.21.5 want: 0.21.5
1022 silly placeDep ROOT @napi-rs/lzma-linux-x64-gnu@1.5.1 OK for: rollup@4.64.1 want: 1.5.1
1023 silly placeDep ROOT @rollup/rollup-android-arm-eabi@4.64.1 OK for: rollup@4.64.1 want: 4.64.1
1024 silly placeDep ROOT @rollup/rollup-android-arm64@4.64.1 OK for: rollup@4.64.1 want: 4.64.1
1025 silly placeDep ROOT @rollup/rollup-darwin-arm64@4.64.1 OK for: rollup@4.64.1 want: 4.64.1
1026 silly placeDep ROOT @rollup/rollup-darwin-x64@4.64.1 OK for: rollup@4.64.1 want: 4.64.1
1027 silly placeDep ROOT @rollup/rollup-freebsd-arm64@4.64.1 OK for: rollup@4.64.1 want: 4.64.1
1028 silly placeDep ROOT @rollup/rollup-freebsd-x64@4.64.1 OK for: rollup@4.64.1 want: 4.64.1
1029 silly placeDep ROOT @rollup/rollup-linux-arm-gnueabihf@4.64.1 OK for: rollup@4.64.1 want: 4.64.1
1030 silly placeDep ROOT @rollup/rollup-linux-arm-musleabihf@4.64.1 OK for: rollup@4.64.1 want: 4.64.1
1031 silly placeDep ROOT @rollup/rollup-linux-arm64-gnu@4.64.1 OK for: rollup@4.64.1 want: 4.64.1
1032 silly placeDep ROOT @rollup/rollup-linux-arm64-musl@4.64.1 OK for: rollup@4.64.1 want: 4.64.1
1033 silly placeDep ROOT @rollup/rollup-linux-loong64-gnu@4.64.1 OK for: rollup@4.64.1 want: 4.64.1
1034 silly placeDep ROOT @rollup/rollup-linux-loong64-musl@4.64.1 OK for: rollup@4.64.1 want: 4.64.1
1035 silly placeDep ROOT @rollup/rollup-linux-ppc64-gnu@4.64.1 OK for: rollup@4.64.1 want: 4.64.1
1036 silly placeDep ROOT @rollup/rollup-linux-ppc64-musl@4.64.1 OK for: rollup@4.64.1 want: 4.64.1
1037 silly placeDep ROOT @rollup/rollup-linux-riscv64-gnu@4.64.1 OK for: rollup@4.64.1 want: 4.64.1
1038 silly placeDep ROOT @rollup/rollup-linux-riscv64-musl@4.64.1 OK for: rollup@4.64.1 want: 4.64.1
1039 silly placeDep ROOT @rollup/rollup-linux-s390x-gnu@4.64.1 OK for: rollup@4.64.1 want: 4.64.1
1040 silly placeDep ROOT @rollup/rollup-linux-x64-gnu@4.64.1 OK for: rollup@4.64.1 want: 4.64.1
1041 silly placeDep ROOT @rollup/rollup-linux-x64-musl@4.64.1 OK for: rollup@4.64.1 want: 4.64.1
1042 silly placeDep ROOT @rollup/rollup-openbsd-x64@4.64.1 OK for: rollup@4.64.1 want: 4.64.1
1043 silly placeDep ROOT @rollup/rollup-openharmony-arm64@4.64.1 OK for: rollup@4.64.1 want: 4.64.1
1044 silly placeDep ROOT @rollup/rollup-win32-arm64-msvc@4.64.1 OK for: rollup@4.64.1 want: 4.64.1
1045 silly placeDep ROOT @rollup/rollup-win32-ia32-msvc@4.64.1 OK for: rollup@4.64.1 want: 4.64.1
1046 silly placeDep ROOT @rollup/rollup-win32-x64-gnu@4.64.1 OK for: rollup@4.64.1 want: 4.64.1
1047 silly placeDep ROOT @rollup/rollup-win32-x64-msvc@4.64.1 OK for: rollup@4.64.1 want: 4.64.1
1048 silly placeDep ROOT @types/estree@1.0.9 OK for: rollup@4.64.1 want: 1.0.9
1049 silly reify moves {}
1050 silly audit bulk request {
1050 silly audit   '@vitejs/plugin-react': [ '4.7.0' ],
1050 silly audit   vite: [ '5.4.21' ],
1050 silly audit   autoprefixer: [ '10.6.1' ],
1050 silly audit   postcss: [ '8.5.29' ],
1050 silly audit   'framer-motion': [ '11.18.2' ],
1050 silly audit   react: [ '18.3.1' ],
1050 silly audit   'react-dom': [ '18.3.1' ],
1050 silly audit   'react-icons': [ '5.7.0' ],
1050 silly audit   tailwindcss: [ '3.4.19' ],
1050 silly audit   '@babel/core': [ '7.29.7' ],
1050 silly audit   '@babel/plugin-transform-react-jsx-self': [ '7.29.7' ],
1050 silly audit   '@babel/plugin-transform-react-jsx-source': [ '7.29.7' ],
1050 silly audit   '@rolldown/pluginutils': [ '1.0.0-beta.27' ],
1050 silly audit   '@types/babel__core': [ '7.20.5' ],
1050 silly audit   'react-refresh': [ '0.17.0' ],
1050 silly audit   '@babel/code-frame': [ '7.29.7' ],
1050 silly audit   '@babel/generator': [ '7.29.8' ],
1050 silly audit   '@babel/helper-compilation-targets': [ '7.29.7' ],
1050 silly audit   '@babel/helper-module-transforms': [ '7.29.7' ],
1050 silly audit   '@babel/helpers': [ '7.29.7' ],
1050 silly audit   '@babel/parser': [ '7.29.9' ],
1050 silly audit   '@babel/template': [ '7.29.7' ],
1050 silly audit   '@babel/traverse': [ '7.29.8' ],
1050 silly audit   '@babel/types': [ '7.29.8' ],
1050 silly audit   '@jridgewell/remapping': [ '2.3.5' ],
1050 silly audit   'convert-source-map': [ '2.0.0' ],
1050 silly audit   debug: [ '4.4.3' ],
1050 silly audit   gensync: [ '1.0.0-beta.2' ],
1050 silly audit   json5: [ '2.2.3' ],
1050 silly audit   semver: [ '6.3.1' ],
1050 silly audit   '@babel/helper-validator-identifier': [ '7.29.7' ],
1050 silly audit   'js-tokens': [ '4.0.0' ],
1050 silly audit   picocolors: [ '1.1.1' ],
1050 silly audit   '@jridgewell/gen-mapping': [ '0.3.13' ],
1050 silly audit   '@jridgewell/trace-mapping': [ '0.3.31' ],
1050 silly audit   jsesc: [ '3.1.0' ],
1050 silly audit   '@babel/compat-data': [ '7.29.7' ],
1050 silly audit   '@babel/helper-validator-option': [ '7.29.7' ],
1050 silly audit   browserslist: [ '4.29.3' ],
1050 silly audit   'lru-cache': [ '5.1.1' ],
1050 silly audit   '@babel/helper-module-imports': [ '7.29.7' ],
1050 silly audit   '@babel/helper-plugin-utils': [ '7.29.7' ],
1050 silly audit   '@babel/helper-globals': [ '7.29.7' ],
1050 silly audit   '@babel/helper-string-parser': [ '7.29.7' ],
1050 silly audit   '@jridgewell/sourcemap-codec': [ '1.6.0' ],
1050 silly audit   '@jridgewell/resolve-uri': [ '3.1.2' ],
1050 silly audit   '@types/babel__generator': [ '7.27.0' ],
1050 silly audit   '@types/babel__template': [ '7.4.4' ],
1050 silly audit   '@types/babel__traverse': [ '7.28.0' ],
1050 silly audit   'caniuse-lite': [ '1.0.30001814' ],
1050 silly audit   'fraction.js': [ '5.3.4' ],
1050 silly audit   'postcss-value-parser': [ '4.2.0' ],
1050 silly audit   'baseline-browser-mapping': [ '2.11.27' ],
1050 silly audit   'electron-to-chromium': [ '1.5.449' ],
1050 silly audit   'node-releases': [ '2.0.57' ],
1050 silly audit   'update-browserslist-db': [ '1.3.3' ],
1050 silly audit   ms: [ '2.1.3' ],
1050 silly audit   'motion-dom': [ '11.18.1' ],
1050 silly audit   'motion-utils': [ '11.18.1' ],
1050 silly audit   tslib: [ '2.8.1' ],
1050 silly audit   yallist: [ '3.1.1' ],
1050 silly audit   nanoid: [ '3.3.20' ],
1050 silly audit   'source-map-js': [ '1.2.2' ],
1050 silly audit   'loose-envify': [ '1.4.0' ],
1050 silly audit   scheduler: [ '0.23.2' ],
1050 silly audit   '@alloc/quick-lru': [ '5.3.0' ],
1050 silly audit   arg: [ '5.0.2' ],
1050 silly audit   chokidar: [ '3.6.0' ],
1050 silly audit   didyoumean: [ '1.2.2' ],
1050 silly audit   dlv: [ '1.1.3' ],
1050 silly audit   'fast-glob': [ '3.3.3' ],
1050 silly audit   'glob-parent': [ '6.0.2', '5.1.2' ],
1050 silly audit   'is-glob': [ '4.0.3' ],
1050 silly audit   jiti: [ '1.21.7' ],
1050 silly audit   lilconfig: [ '3.1.3' ],
1050 silly audit   micromatch: [ '4.0.8' ],
1050 silly audit   'normalize-path': [ '3.0.0' ],
1050 silly audit   'object-hash': [ '3.0.0' ],
1050 silly audit   'postcss-import': [ '15.1.0' ],
1050 silly audit   'postcss-js': [ '4.1.0' ],
1050 silly audit   'postcss-load-config': [ '6.0.1' ],
1050 silly audit   'postcss-nested': [ '6.2.0' ],
1050 silly audit   'postcss-selector-parser': [ '6.1.4' ],
1050 silly audit   resolve: [ '1.22.13' ],
1050 silly audit   sucrase: [ '3.35.1' ],
1050 silly audit   anymatch: [ '3.1.3' ],
1050 silly audit   braces: [ '3.0.3' ],
1050 silly audit   fsevents: [ '2.3.3' ],
1050 silly audit   'is-binary-path': [ '2.1.0' ],
1050 silly audit   readdirp: [ '3.6.0' ],
1050 silly audit   picomatch: [ '2.3.2', '4.0.7' ],
1050 silly audit   'fill-range': [ '7.1.1' ],
1050 silly audit   '@nodelib/fs.stat': [ '2.0.5' ],
1050 silly audit   '@nodelib/fs.walk': [ '1.2.8' ],
1050 silly audit   merge2: [ '1.4.1' ],
1050 silly audit   '@nodelib/fs.scandir': [ '2.1.5' ],
1050 silly audit   fastq: [ '1.20.3' ],
1050 silly audit   'run-parallel': [ '1.2.0' ],
1050 silly audit   reusify: [ '1.1.0' ],
1050 silly audit   'to-regex-range': [ '5.0.1' ],
1050 silly audit   'binary-extensions': [ '2.3.0' ],
1050 silly audit   'is-extglob': [ '2.1.1' ],
1050 silly audit   'read-cache': [ '1.0.2' ],
1050 silly audit   'camelcase-css': [ '2.0.1' ],
1050 silly audit   cssesc: [ '3.0.0' ],
1050 silly audit   'util-deprecate': [ '1.0.2' ],
1050 silly audit   'es-errors': [ '1.3.0' ],
1050 silly audit   'is-core-module': [ '2.17.0' ],
1050 silly audit   'path-parse': [ '1.0.7' ],
1050 silly audit   'supports-preserve-symlinks-flag': [ '1.0.0' ],
1050 silly audit   hasown: [ '2.0.4' ],
1050 silly audit   'function-bind': [ '1.1.2' ],
1050 silly audit   'queue-microtask': [ '1.2.3' ],
1050 silly audit   commander: [ '4.1.1' ],
1050 silly audit   'lines-and-columns': [ '1.2.4' ],
1050 silly audit   mz: [ '2.7.0' ],
1050 silly audit   pirates: [ '4.0.7' ],
1050 silly audit   tinyglobby: [ '0.2.17' ],
1050 silly audit   'ts-interface-checker': [ '0.1.13' ],
1050 silly audit   'any-promise': [ '1.3.0' ],
1050 silly audit   'object-assign': [ '4.1.1' ],
1050 silly audit   'thenify-all': [ '1.6.0' ],
1050 silly audit   thenify: [ '3.3.1' ],
1050 silly audit   fdir: [ '6.5.0' ],
1050 silly audit   'is-number': [ '7.0.0' ],
1050 silly audit   escalade: [ '3.2.0' ],
1050 silly audit   esbuild: [ '0.21.5' ],
1050 silly audit   rollup: [ '4.64.1' ],
1050 silly audit   '@esbuild/aix-ppc64': [ '0.21.5' ],
1050 silly audit   '@esbuild/android-arm': [ '0.21.5' ],
1050 silly audit   '@esbuild/android-arm64': [ '0.21.5' ],
1050 silly audit   '@esbuild/android-x64': [ '0.21.5' ],
1050 silly audit   '@esbuild/darwin-arm64': [ '0.21.5' ],
1050 silly audit   '@esbuild/darwin-x64': [ '0.21.5' ],
1050 silly audit   '@esbuild/freebsd-arm64': [ '0.21.5' ],
1050 silly audit   '@esbuild/freebsd-x64': [ '0.21.5' ],
1050 silly audit   '@esbuild/linux-arm': [ '0.21.5' ],
1050 silly audit   '@esbuild/linux-arm64': [ '0.21.5' ],
1050 silly audit   '@esbuild/linux-ia32': [ '0.21.5' ],
1050 silly audit   '@esbuild/linux-loong64': [ '0.21.5' ],
1050 silly audit   '@esbuild/linux-mips64el': [ '0.21.5' ],
1050 silly audit   '@esbuild/linux-ppc64': [ '0.21.5' ],
1050 silly audit   '@esbuild/linux-riscv64': [ '0.21.5' ],
1050 silly audit   '@esbuild/linux-s390x': [ '0.21.5' ],
1050 silly audit   '@esbuild/linux-x64': [ '0.21.5' ],
1050 silly audit   '@esbuild/netbsd-x64': [ '0.21.5' ],
1050 silly audit   '@esbuild/openbsd-x64': [ '0.21.5' ],
1050 silly audit   '@esbuild/sunos-x64': [ '0.21.5' ],
1050 silly audit   '@esbuild/win32-arm64': [ '0.21.5' ],
1050 silly audit   '@esbuild/win32-ia32': [ '0.21.5' ],
1050 silly audit   '@esbuild/win32-x64': [ '0.21.5' ],
1050 silly audit   '@napi-rs/lzma-linux-x64-gnu': [ '1.5.1' ],
1050 silly audit   '@rollup/rollup-android-arm-eabi': [ '4.64.1' ],
1050 silly audit   '@rollup/rollup-android-arm64': [ '4.64.1' ],
1050 silly audit   '@rollup/rollup-darwin-arm64': [ '4.64.1' ],
1050 silly audit   '@rollup/rollup-darwin-x64': [ '4.64.1' ],
1050 silly audit   '@rollup/rollup-freebsd-arm64': [ '4.64.1' ],
1050 silly audit   '@rollup/rollup-freebsd-x64': [ '4.64.1' ],
1050 silly audit   '@rollup/rollup-linux-arm-gnueabihf': [ '4.64.1' ],
1050 silly audit   '@rollup/rollup-linux-arm-musleabihf': [ '4.64.1' ],
1050 silly audit   '@rollup/rollup-linux-arm64-gnu': [ '4.64.1' ],
1050 silly audit   '@rollup/rollup-linux-arm64-musl': [ '4.64.1' ],
1050 silly audit   '@rollup/rollup-linux-loong64-gnu': [ '4.64.1' ],
1050 silly audit   '@rollup/rollup-linux-loong64-musl': [ '4.64.1' ],
1050 silly audit   '@rollup/rollup-linux-ppc64-gnu': [ '4.64.1' ],
1050 silly audit   '@rollup/rollup-linux-ppc64-musl': [ '4.64.1' ],
1050 silly audit   '@rollup/rollup-linux-riscv64-gnu': [ '4.64.1' ],
1050 silly audit   '@rollup/rollup-linux-riscv64-musl': [ '4.64.1' ],
1050 silly audit   '@rollup/rollup-linux-s390x-gnu': [ '4.64.1' ],
1050 silly audit   '@rollup/rollup-linux-x64-gnu': [ '4.64.1' ],
1050 silly audit   '@rollup/rollup-linux-x64-musl': [ '4.64.1' ],
1050 silly audit   '@rollup/rollup-openbsd-x64': [ '4.64.1' ],
1050 silly audit   '@rollup/rollup-openharmony-arm64': [ '4.64.1' ],
1050 silly audit   '@rollup/rollup-win32-arm64-msvc': [ '4.64.1' ],
1050 silly audit   '@rollup/rollup-win32-ia32-msvc': [ '4.64.1' ],
1050 silly audit   '@rollup/rollup-win32-x64-gnu': [ '4.64.1' ],
1050 silly audit   '@rollup/rollup-win32-x64-msvc': [ '4.64.1' ],
1050 silly audit   '@types/estree': [ '1.0.9' ]
1050 silly audit }
1051 http cache @esbuild/win32-x64@https://registry.npmjs.org/@esbuild/win32-x64/-/win32-x64-0.21.5.tgz 1ms (cache hit)
1052 http cache @rollup/rollup-win32-x64-msvc@https://registry.npmjs.org/@rollup/rollup-win32-x64-msvc/-/rollup-win32-x64-msvc-4.64.1.tgz 0ms (cache hit)
1053 http cache @rollup/rollup-win32-x64-gnu@https://registry.npmjs.org/@rollup/rollup-win32-x64-gnu/-/rollup-win32-x64-gnu-4.64.1.tgz 0ms (cache hit)
1054 http cache rollup@https://registry.npmjs.org/rollup/-/rollup-4.64.1.tgz 0ms (cache hit)
1055 http cache @types/estree@https://registry.npmjs.org/@types/estree/-/estree-1.0.9.tgz 0ms (cache hit)
1056 http cache is-number@https://registry.npmjs.org/is-number/-/is-number-7.0.0.tgz 0ms (cache hit)
1057 http cache escalade@https://registry.npmjs.org/escalade/-/escalade-3.2.0.tgz 0ms (cache hit)
1058 http cache tinyglobby@https://registry.npmjs.org/tinyglobby/-/tinyglobby-0.2.17.tgz 0ms (cache hit)
1059 http cache thenify@https://registry.npmjs.org/thenify/-/thenify-3.3.1.tgz 0ms (cache hit)
1060 http cache object-assign@https://registry.npmjs.org/object-assign/-/object-assign-4.1.1.tgz 0ms (cache hit)
1061 http cache thenify-all@https://registry.npmjs.org/thenify-all/-/thenify-all-1.6.0.tgz 0ms (cache hit)
1062 http cache ts-interface-checker@https://registry.npmjs.org/ts-interface-checker/-/ts-interface-checker-0.1.13.tgz 0ms (cache hit)
1063 http cache any-promise@https://registry.npmjs.org/any-promise/-/any-promise-1.3.0.tgz 0ms (cache hit)
1064 http cache mz@https://registry.npmjs.org/mz/-/mz-2.7.0.tgz 0ms (cache hit)
1065 http cache pirates@https://registry.npmjs.org/pirates/-/pirates-4.0.7.tgz 0ms (cache hit)
1066 http cache queue-microtask@https://registry.npmjs.org/queue-microtask/-/queue-microtask-1.2.3.tgz 0ms (cache hit)
1067 http cache function-bind@https://registry.npmjs.org/function-bind/-/function-bind-1.1.2.tgz 0ms (cache hit)
1068 http cache commander@https://registry.npmjs.org/commander/-/commander-4.1.1.tgz 0ms (cache hit)
1069 http cache hasown@https://registry.npmjs.org/hasown/-/hasown-2.0.4.tgz 0ms (cache hit)
1070 http cache lines-and-columns@https://registry.npmjs.org/lines-and-columns/-/lines-and-columns-1.2.4.tgz 0ms (cache hit)
1071 http cache supports-preserve-symlinks-flag@https://registry.npmjs.org/supports-preserve-symlinks-flag/-/supports-preserve-symlinks-flag-1.0.0.tgz 0ms (cache hit)
1072 http cache esbuild@https://registry.npmjs.org/esbuild/-/esbuild-0.21.5.tgz 0ms (cache hit)
1073 http cache path-parse@https://registry.npmjs.org/path-parse/-/path-parse-1.0.7.tgz 0ms (cache hit)
1074 http cache es-errors@https://registry.npmjs.org/es-errors/-/es-errors-1.3.0.tgz 0ms (cache hit)
1075 http cache util-deprecate@https://registry.npmjs.org/util-deprecate/-/util-deprecate-1.0.2.tgz 0ms (cache hit)
1076 http cache camelcase-css@https://registry.npmjs.org/camelcase-css/-/camelcase-css-2.0.1.tgz 0ms (cache hit)
1077 http cache is-core-module@https://registry.npmjs.org/is-core-module/-/is-core-module-2.17.0.tgz 0ms (cache hit)
1078 http cache cssesc@https://registry.npmjs.org/cssesc/-/cssesc-3.0.0.tgz 0ms (cache hit)
1079 http cache is-extglob@https://registry.npmjs.org/is-extglob/-/is-extglob-2.1.1.tgz 0ms (cache hit)
1080 http cache binary-extensions@https://registry.npmjs.org/binary-extensions/-/binary-extensions-2.3.0.tgz 0ms (cache hit)
1081 http cache read-cache@https://registry.npmjs.org/read-cache/-/read-cache-1.0.2.tgz 0ms (cache hit)
1082 http cache to-regex-range@https://registry.npmjs.org/to-regex-range/-/to-regex-range-5.0.1.tgz 0ms (cache hit)
1083 http cache run-parallel@https://registry.npmjs.org/run-parallel/-/run-parallel-1.2.0.tgz 0ms (cache hit)
1084 http cache reusify@https://registry.npmjs.org/reusify/-/reusify-1.1.0.tgz 0ms (cache hit)
1085 http cache @nodelib/fs.scandir@https://registry.npmjs.org/@nodelib/fs.scandir/-/fs.scandir-2.1.5.tgz 0ms (cache hit)
1086 http cache fastq@https://registry.npmjs.org/fastq/-/fastq-1.20.3.tgz 0ms (cache hit)
1087 http cache merge2@https://registry.npmjs.org/merge2/-/merge2-1.4.1.tgz 0ms (cache hit)
1088 http cache fill-range@https://registry.npmjs.org/fill-range/-/fill-range-7.1.1.tgz 0ms (cache hit)
1089 http cache @nodelib/fs.stat@https://registry.npmjs.org/@nodelib/fs.stat/-/fs.stat-2.0.5.tgz 0ms (cache hit)
1090 http cache @nodelib/fs.walk@https://registry.npmjs.org/@nodelib/fs.walk/-/fs.walk-1.2.8.tgz 0ms (cache hit)
1091 http cache picomatch@https://registry.npmjs.org/picomatch/-/picomatch-2.3.2.tgz 0ms (cache hit)
1092 http cache braces@https://registry.npmjs.org/braces/-/braces-3.0.3.tgz 0ms (cache hit)
1093 http cache is-binary-path@https://registry.npmjs.org/is-binary-path/-/is-binary-path-2.1.0.tgz 0ms (cache hit)
1094 http cache readdirp@https://registry.npmjs.org/readdirp/-/readdirp-3.6.0.tgz 0ms (cache hit)
1095 http cache anymatch@https://registry.npmjs.org/anymatch/-/anymatch-3.1.3.tgz 0ms (cache hit)
1096 http cache resolve@https://registry.npmjs.org/resolve/-/resolve-1.22.13.tgz 0ms (cache hit)
1097 http cache sucrase@https://registry.npmjs.org/sucrase/-/sucrase-3.35.1.tgz 1ms (cache hit)
1098 http cache postcss-load-config@https://registry.npmjs.org/postcss-load-config/-/postcss-load-config-6.0.1.tgz 0ms (cache hit)
1099 http cache postcss-nested@https://registry.npmjs.org/postcss-nested/-/postcss-nested-6.2.0.tgz 0ms (cache hit)
1100 http cache postcss-selector-parser@https://registry.npmjs.org/postcss-selector-parser/-/postcss-selector-parser-6.1.4.tgz 0ms (cache hit)
1101 http cache object-hash@https://registry.npmjs.org/object-hash/-/object-hash-3.0.0.tgz 0ms (cache hit)
1102 http cache postcss-js@https://registry.npmjs.org/postcss-js/-/postcss-js-4.1.0.tgz 0ms (cache hit)
1103 http cache postcss-import@https://registry.npmjs.org/postcss-import/-/postcss-import-15.1.0.tgz 0ms (cache hit)
1104 http cache normalize-path@https://registry.npmjs.org/normalize-path/-/normalize-path-3.0.0.tgz 0ms (cache hit)
1105 http cache jiti@https://registry.npmjs.org/jiti/-/jiti-1.21.7.tgz 0ms (cache hit)
1106 http cache is-glob@https://registry.npmjs.org/is-glob/-/is-glob-4.0.3.tgz 0ms (cache hit)
1107 http cache lilconfig@https://registry.npmjs.org/lilconfig/-/lilconfig-3.1.3.tgz 0ms (cache hit)
1108 http cache glob-parent@https://registry.npmjs.org/glob-parent/-/glob-parent-6.0.2.tgz 0ms (cache hit)
1109 http cache micromatch@https://registry.npmjs.org/micromatch/-/micromatch-4.0.8.tgz 0ms (cache hit)
1110 http cache fast-glob@https://registry.npmjs.org/fast-glob/-/fast-glob-3.3.3.tgz 0ms (cache hit)
1111 http cache dlv@https://registry.npmjs.org/dlv/-/dlv-1.1.3.tgz 0ms (cache hit)
1112 http cache didyoumean@https://registry.npmjs.org/didyoumean/-/didyoumean-1.2.2.tgz 0ms (cache hit)
1113 http cache @alloc/quick-lru@https://registry.npmjs.org/@alloc/quick-lru/-/quick-lru-5.3.0.tgz 0ms (cache hit)
1114 http cache chokidar@https://registry.npmjs.org/chokidar/-/chokidar-3.6.0.tgz 0ms (cache hit)
1115 http cache arg@https://registry.npmjs.org/arg/-/arg-5.0.2.tgz 0ms (cache hit)
1116 http cache loose-envify@https://registry.npmjs.org/loose-envify/-/loose-envify-1.4.0.tgz 0ms (cache hit)
1117 http cache scheduler@https://registry.npmjs.org/scheduler/-/scheduler-0.23.2.tgz 0ms (cache hit)
1118 http cache source-map-js@https://registry.npmjs.org/source-map-js/-/source-map-js-1.2.2.tgz 0ms (cache hit)
1119 http cache nanoid@https://registry.npmjs.org/nanoid/-/nanoid-3.3.20.tgz 0ms (cache hit)
1120 http cache tslib@https://registry.npmjs.org/tslib/-/tslib-2.8.1.tgz 0ms (cache hit)
1121 http cache yallist@https://registry.npmjs.org/yallist/-/yallist-3.1.1.tgz 0ms (cache hit)
1122 http cache motion-dom@https://registry.npmjs.org/motion-dom/-/motion-dom-11.18.1.tgz 0ms (cache hit)
1123 http cache update-browserslist-db@https://registry.npmjs.org/update-browserslist-db/-/update-browserslist-db-1.3.3.tgz 0ms (cache hit)
1124 http cache motion-utils@https://registry.npmjs.org/motion-utils/-/motion-utils-11.18.1.tgz 0ms (cache hit)
1125 http cache ms@https://registry.npmjs.org/ms/-/ms-2.1.3.tgz 0ms (cache hit)
1126 http cache node-releases@https://registry.npmjs.org/node-releases/-/node-releases-2.0.57.tgz 0ms (cache hit)
1127 http cache electron-to-chromium@https://registry.npmjs.org/electron-to-chromium/-/electron-to-chromium-1.5.449.tgz 0ms (cache hit)
1128 http cache baseline-browser-mapping@https://registry.npmjs.org/baseline-browser-mapping/-/baseline-browser-mapping-2.11.27.tgz 0ms (cache hit)
1129 http cache postcss-value-parser@https://registry.npmjs.org/postcss-value-parser/-/postcss-value-parser-4.2.0.tgz 0ms (cache hit)
1130 http cache caniuse-lite@https://registry.npmjs.org/caniuse-lite/-/caniuse-lite-1.0.30001814.tgz 0ms (cache hit)
1131 http cache @types/babel__traverse@https://registry.npmjs.org/@types/babel__traverse/-/babel__traverse-7.28.0.tgz 0ms (cache hit)
1132 http cache @types/babel__template@https://registry.npmjs.org/@types/babel__template/-/babel__template-7.4.4.tgz 0ms (cache hit)
1133 http cache @types/babel__generator@https://registry.npmjs.org/@types/babel__generator/-/babel__generator-7.27.0.tgz 0ms (cache hit)
1134 http cache @jridgewell/sourcemap-codec@https://registry.npmjs.org/@jridgewell/sourcemap-codec/-/sourcemap-codec-1.6.0.tgz 0ms (cache hit)
1135 http cache @jridgewell/resolve-uri@https://registry.npmjs.org/@jridgewell/resolve-uri/-/resolve-uri-3.1.2.tgz 0ms (cache hit)
1136 http cache @babel/helper-globals@https://registry.npmjs.org/@babel/helper-globals/-/helper-globals-7.29.7.tgz 0ms (cache hit)
1137 http cache @babel/helper-plugin-utils@https://registry.npmjs.org/@babel/helper-plugin-utils/-/helper-plugin-utils-7.29.7.tgz 0ms (cache hit)
1138 http cache lru-cache@https://registry.npmjs.org/lru-cache/-/lru-cache-5.1.1.tgz 0ms (cache hit)
1139 http cache browserslist@https://registry.npmjs.org/browserslist/-/browserslist-4.29.3.tgz 0ms (cache hit)
1140 http cache @babel/helper-module-imports@https://registry.npmjs.org/@babel/helper-module-imports/-/helper-module-imports-7.29.7.tgz 0ms (cache hit)
1141 http cache @babel/helper-string-parser@https://registry.npmjs.org/@babel/helper-string-parser/-/helper-string-parser-7.29.7.tgz 0ms (cache hit)
1142 http cache jsesc@https://registry.npmjs.org/jsesc/-/jsesc-3.1.0.tgz 0ms (cache hit)
1143 http cache fraction.js@https://registry.npmjs.org/fraction.js/-/fraction.js-5.3.4.tgz 0ms (cache hit)
1144 http cache @babel/compat-data@https://registry.npmjs.org/@babel/compat-data/-/compat-data-7.29.7.tgz 0ms (cache hit)
1145 http cache @jridgewell/trace-mapping@https://registry.npmjs.org/@jridgewell/trace-mapping/-/trace-mapping-0.3.31.tgz 0ms (cache hit)
1146 http cache @babel/helper-validator-option@https://registry.npmjs.org/@babel/helper-validator-option/-/helper-validator-option-7.29.7.tgz 1ms (cache hit)
1147 http cache @babel/helper-validator-identifier@https://registry.npmjs.org/@babel/helper-validator-identifier/-/helper-validator-identifier-7.29.7.tgz 0ms (cache hit)
1148 http cache picocolors@https://registry.npmjs.org/picocolors/-/picocolors-1.1.1.tgz 0ms (cache hit)
1149 http cache @jridgewell/gen-mapping@https://registry.npmjs.org/@jridgewell/gen-mapping/-/gen-mapping-0.3.13.tgz 0ms (cache hit)
1150 http cache js-tokens@https://registry.npmjs.org/js-tokens/-/js-tokens-4.0.0.tgz 0ms (cache hit)
1151 http cache debug@https://registry.npmjs.org/debug/-/debug-4.4.3.tgz 0ms (cache hit)
1152 http cache json5@https://registry.npmjs.org/json5/-/json5-2.2.3.tgz 0ms (cache hit)
1153 http cache gensync@https://registry.npmjs.org/gensync/-/gensync-1.0.0-beta.2.tgz 0ms (cache hit)
1154 http cache semver@https://registry.npmjs.org/semver/-/semver-6.3.1.tgz 0ms (cache hit)
1155 http cache @babel/types@https://registry.npmjs.org/@babel/types/-/types-7.29.8.tgz 0ms (cache hit)
1156 http cache @babel/traverse@https://registry.npmjs.org/@babel/traverse/-/traverse-7.29.8.tgz 0ms (cache hit)
1157 http cache convert-source-map@https://registry.npmjs.org/convert-source-map/-/convert-source-map-2.0.0.tgz 0ms (cache hit)
1158 http cache @babel/template@https://registry.npmjs.org/@babel/template/-/template-7.29.7.tgz 0ms (cache hit)
1159 http cache @babel/helpers@https://registry.npmjs.org/@babel/helpers/-/helpers-7.29.7.tgz 0ms (cache hit)
1160 http cache @babel/parser@https://registry.npmjs.org/@babel/parser/-/parser-7.29.9.tgz 0ms (cache hit)
1161 http cache @babel/helper-module-transforms@https://registry.npmjs.org/@babel/helper-module-transforms/-/helper-module-transforms-7.29.7.tgz 0ms (cache hit)
1162 http cache @babel/helper-compilation-targets@https://registry.npmjs.org/@babel/helper-compilation-targets/-/helper-compilation-targets-7.29.7.tgz 0ms (cache hit)
1163 http cache react-refresh@https://registry.npmjs.org/react-refresh/-/react-refresh-0.17.0.tgz 0ms (cache hit)
1164 http cache @jridgewell/remapping@https://registry.npmjs.org/@jridgewell/remapping/-/remapping-2.3.5.tgz 0ms (cache hit)
1165 http cache @types/babel__core@https://registry.npmjs.org/@types/babel__core/-/babel__core-7.20.5.tgz 0ms (cache hit)
1166 http cache @babel/generator@https://registry.npmjs.org/@babel/generator/-/generator-7.29.8.tgz 0ms (cache hit)
1167 http cache @rolldown/pluginutils@https://registry.npmjs.org/@rolldown/pluginutils/-/pluginutils-1.0.0-beta.27.tgz 0ms (cache hit)
1168 http cache tailwindcss@https://registry.npmjs.org/tailwindcss/-/tailwindcss-3.4.19.tgz 0ms (cache hit)
1169 http cache @babel/plugin-transform-react-jsx-source@https://registry.npmjs.org/@babel/plugin-transform-react-jsx-source/-/plugin-transform-react-jsx-source-7.29.7.tgz 0ms (cache hit)
1170 http cache react-icons@https://registry.npmjs.org/react-icons/-/react-icons-5.7.0.tgz 0ms (cache hit)
1171 http cache @babel/plugin-transform-react-jsx-self@https://registry.npmjs.org/@babel/plugin-transform-react-jsx-self/-/plugin-transform-react-jsx-self-7.29.7.tgz 0ms (cache hit)
1172 http cache @babel/code-frame@https://registry.npmjs.org/@babel/code-frame/-/code-frame-7.29.7.tgz 0ms (cache hit)
1173 http cache react-dom@https://registry.npmjs.org/react-dom/-/react-dom-18.3.1.tgz 0ms (cache hit)
1174 http cache @babel/core@https://registry.npmjs.org/@babel/core/-/core-7.29.7.tgz 0ms (cache hit)
1175 http cache react@https://registry.npmjs.org/react/-/react-18.3.1.tgz 0ms (cache hit)
1176 http cache postcss@https://registry.npmjs.org/postcss/-/postcss-8.5.29.tgz 0ms (cache hit)
1177 http cache picomatch@https://registry.npmjs.org/picomatch/-/picomatch-4.0.7.tgz 0ms (cache hit)
1178 http cache framer-motion@https://registry.npmjs.org/framer-motion/-/framer-motion-11.18.2.tgz 0ms (cache hit)
1179 http cache autoprefixer@https://registry.npmjs.org/autoprefixer/-/autoprefixer-10.6.1.tgz 0ms (cache hit)
1180 http cache @vitejs/plugin-react@https://registry.npmjs.org/@vitejs/plugin-react/-/plugin-react-4.7.0.tgz 0ms (cache hit)
1181 http cache fdir@https://registry.npmjs.org/fdir/-/fdir-6.5.0.tgz 0ms (cache hit)
1182 http cache vite@https://registry.npmjs.org/vite/-/vite-5.4.21.tgz 0ms (cache hit)
1183 http cache glob-parent@https://registry.npmjs.org/glob-parent/-/glob-parent-5.1.2.tgz 0ms (cache hit)
1184 silly tarball no local data for @esbuild/win32-x64@https://registry.npmjs.org/@esbuild/win32-x64/-/win32-x64-0.21.5.tgz. Extracting by manifest.
1185 silly tarball no local data for @rollup/rollup-win32-x64-msvc@https://registry.npmjs.org/@rollup/rollup-win32-x64-msvc/-/rollup-win32-x64-msvc-4.64.1.tgz. Extracting by manifest.
1186 silly tarball no local data for @rollup/rollup-win32-x64-gnu@https://registry.npmjs.org/@rollup/rollup-win32-x64-gnu/-/rollup-win32-x64-gnu-4.64.1.tgz. Extracting by manifest.
1187 silly tarball no local data for rollup@https://registry.npmjs.org/rollup/-/rollup-4.64.1.tgz. Extracting by manifest.
1188 silly tarball no local data for @types/estree@https://registry.npmjs.org/@types/estree/-/estree-1.0.9.tgz. Extracting by manifest.
1189 silly tarball no local data for is-number@https://registry.npmjs.org/is-number/-/is-number-7.0.0.tgz. Extracting by manifest.
1190 silly tarball no local data for escalade@https://registry.npmjs.org/escalade/-/escalade-3.2.0.tgz. Extracting by manifest.
1191 silly tarball no local data for tinyglobby@https://registry.npmjs.org/tinyglobby/-/tinyglobby-0.2.17.tgz. Extracting by manifest.
1192 silly tarball no local data for thenify@https://registry.npmjs.org/thenify/-/thenify-3.3.1.tgz. Extracting by manifest.
1193 silly tarball no local data for object-assign@https://registry.npmjs.org/object-assign/-/object-assign-4.1.1.tgz. Extracting by manifest.
1194 silly tarball no local data for thenify-all@https://registry.npmjs.org/thenify-all/-/thenify-all-1.6.0.tgz. Extracting by manifest.
1195 silly tarball no local data for ts-interface-checker@https://registry.npmjs.org/ts-interface-checker/-/ts-interface-checker-0.1.13.tgz. Extracting by manifest.
1196 silly tarball no local data for any-promise@https://registry.npmjs.org/any-promise/-/any-promise-1.3.0.tgz. Extracting by manifest.
1197 silly tarball no local data for mz@https://registry.npmjs.org/mz/-/mz-2.7.0.tgz. Extracting by manifest.
1198 silly tarball no local data for pirates@https://registry.npmjs.org/pirates/-/pirates-4.0.7.tgz. Extracting by manifest.
1199 silly tarball no local data for queue-microtask@https://registry.npmjs.org/queue-microtask/-/queue-microtask-1.2.3.tgz. Extracting by manifest.
1200 silly tarball no local data for function-bind@https://registry.npmjs.org/function-bind/-/function-bind-1.1.2.tgz. Extracting by manifest.
1201 silly tarball no local data for commander@https://registry.npmjs.org/commander/-/commander-4.1.1.tgz. Extracting by manifest.
1202 silly tarball no local data for hasown@https://registry.npmjs.org/hasown/-/hasown-2.0.4.tgz. Extracting by manifest.
1203 silly tarball no local data for lines-and-columns@https://registry.npmjs.org/lines-and-columns/-/lines-and-columns-1.2.4.tgz. Extracting by manifest.
1204 silly tarball no local data for supports-preserve-symlinks-flag@https://registry.npmjs.org/supports-preserve-symlinks-flag/-/supports-preserve-symlinks-flag-1.0.0.tgz. Extracting by manifest.
1205 silly tarball no local data for esbuild@https://registry.npmjs.org/esbuild/-/esbuild-0.21.5.tgz. Extracting by manifest.
1206 silly tarball no local data for path-parse@https://registry.npmjs.org/path-parse/-/path-parse-1.0.7.tgz. Extracting by manifest.
1207 silly tarball no local data for es-errors@https://registry.npmjs.org/es-errors/-/es-errors-1.3.0.tgz. Extracting by manifest.
1208 silly tarball no local data for util-deprecate@https://registry.npmjs.org/util-deprecate/-/util-deprecate-1.0.2.tgz. Extracting by manifest.
1209 silly tarball no local data for camelcase-css@https://registry.npmjs.org/camelcase-css/-/camelcase-css-2.0.1.tgz. Extracting by manifest.
1210 silly tarball no local data for is-core-module@https://registry.npmjs.org/is-core-module/-/is-core-module-2.17.0.tgz. Extracting by manifest.
1211 silly tarball no local data for cssesc@https://registry.npmjs.org/cssesc/-/cssesc-3.0.0.tgz. Extracting by manifest.
1212 http cache glob-parent@https://registry.npmjs.org/glob-parent/-/glob-parent-5.1.2.tgz 0ms (cache hit)
1213 silly tarball no local data for is-extglob@https://registry.npmjs.org/is-extglob/-/is-extglob-2.1.1.tgz. Extracting by manifest.
1214 silly tarball no local data for binary-extensions@https://registry.npmjs.org/binary-extensions/-/binary-extensions-2.3.0.tgz. Extracting by manifest.
1215 silly tarball no local data for read-cache@https://registry.npmjs.org/read-cache/-/read-cache-1.0.2.tgz. Extracting by manifest.
1216 silly tarball no local data for to-regex-range@https://registry.npmjs.org/to-regex-range/-/to-regex-range-5.0.1.tgz. Extracting by manifest.
1217 silly tarball no local data for run-parallel@https://registry.npmjs.org/run-parallel/-/run-parallel-1.2.0.tgz. Extracting by manifest.
1218 silly tarball no local data for reusify@https://registry.npmjs.org/reusify/-/reusify-1.1.0.tgz. Extracting by manifest.
1219 silly tarball no local data for @nodelib/fs.scandir@https://registry.npmjs.org/@nodelib/fs.scandir/-/fs.scandir-2.1.5.tgz. Extracting by manifest.
1220 silly tarball no local data for fastq@https://registry.npmjs.org/fastq/-/fastq-1.20.3.tgz. Extracting by manifest.
1221 silly tarball no local data for merge2@https://registry.npmjs.org/merge2/-/merge2-1.4.1.tgz. Extracting by manifest.
1222 silly tarball no local data for fill-range@https://registry.npmjs.org/fill-range/-/fill-range-7.1.1.tgz. Extracting by manifest.
1223 silly tarball no local data for @nodelib/fs.stat@https://registry.npmjs.org/@nodelib/fs.stat/-/fs.stat-2.0.5.tgz. Extracting by manifest.
1224 silly tarball no local data for @nodelib/fs.walk@https://registry.npmjs.org/@nodelib/fs.walk/-/fs.walk-1.2.8.tgz. Extracting by manifest.
1225 silly tarball no local data for picomatch@https://registry.npmjs.org/picomatch/-/picomatch-2.3.2.tgz. Extracting by manifest.
1226 silly tarball no local data for braces@https://registry.npmjs.org/braces/-/braces-3.0.3.tgz. Extracting by manifest.
1227 silly tarball no local data for is-binary-path@https://registry.npmjs.org/is-binary-path/-/is-binary-path-2.1.0.tgz. Extracting by manifest.
1228 silly tarball no local data for readdirp@https://registry.npmjs.org/readdirp/-/readdirp-3.6.0.tgz. Extracting by manifest.
1229 silly tarball no local data for anymatch@https://registry.npmjs.org/anymatch/-/anymatch-3.1.3.tgz. Extracting by manifest.
1230 silly tarball no local data for resolve@https://registry.npmjs.org/resolve/-/resolve-1.22.13.tgz. Extracting by manifest.
1231 silly tarball no local data for sucrase@https://registry.npmjs.org/sucrase/-/sucrase-3.35.1.tgz. Extracting by manifest.
1232 silly tarball no local data for postcss-load-config@https://registry.npmjs.org/postcss-load-config/-/postcss-load-config-6.0.1.tgz. Extracting by manifest.
1233 silly tarball no local data for postcss-nested@https://registry.npmjs.org/postcss-nested/-/postcss-nested-6.2.0.tgz. Extracting by manifest.
1234 silly tarball no local data for postcss-selector-parser@https://registry.npmjs.org/postcss-selector-parser/-/postcss-selector-parser-6.1.4.tgz. Extracting by manifest.
1235 silly tarball no local data for object-hash@https://registry.npmjs.org/object-hash/-/object-hash-3.0.0.tgz. Extracting by manifest.
1236 silly tarball no local data for postcss-js@https://registry.npmjs.org/postcss-js/-/postcss-js-4.1.0.tgz. Extracting by manifest.
1237 silly tarball no local data for postcss-import@https://registry.npmjs.org/postcss-import/-/postcss-import-15.1.0.tgz. Extracting by manifest.
1238 silly tarball no local data for normalize-path@https://registry.npmjs.org/normalize-path/-/normalize-path-3.0.0.tgz. Extracting by manifest.
1239 silly tarball no local data for jiti@https://registry.npmjs.org/jiti/-/jiti-1.21.7.tgz. Extracting by manifest.
1240 silly tarball no local data for is-glob@https://registry.npmjs.org/is-glob/-/is-glob-4.0.3.tgz. Extracting by manifest.
1241 silly tarball no local data for lilconfig@https://registry.npmjs.org/lilconfig/-/lilconfig-3.1.3.tgz. Extracting by manifest.
1242 silly tarball no local data for glob-parent@https://registry.npmjs.org/glob-parent/-/glob-parent-6.0.2.tgz. Extracting by manifest.
1243 silly tarball no local data for micromatch@https://registry.npmjs.org/micromatch/-/micromatch-4.0.8.tgz. Extracting by manifest.
1244 silly tarball no local data for fast-glob@https://registry.npmjs.org/fast-glob/-/fast-glob-3.3.3.tgz. Extracting by manifest.
1245 silly tarball no local data for dlv@https://registry.npmjs.org/dlv/-/dlv-1.1.3.tgz. Extracting by manifest.
1246 silly tarball no local data for didyoumean@https://registry.npmjs.org/didyoumean/-/didyoumean-1.2.2.tgz. Extracting by manifest.
1247 silly tarball no local data for @alloc/quick-lru@https://registry.npmjs.org/@alloc/quick-lru/-/quick-lru-5.3.0.tgz. Extracting by manifest.
1248 silly tarball no local data for chokidar@https://registry.npmjs.org/chokidar/-/chokidar-3.6.0.tgz. Extracting by manifest.
1249 silly tarball no local data for arg@https://registry.npmjs.org/arg/-/arg-5.0.2.tgz. Extracting by manifest.
1250 silly tarball no local data for loose-envify@https://registry.npmjs.org/loose-envify/-/loose-envify-1.4.0.tgz. Extracting by manifest.
1251 silly tarball no local data for scheduler@https://registry.npmjs.org/scheduler/-/scheduler-0.23.2.tgz. Extracting by manifest.
1252 silly tarball no local data for source-map-js@https://registry.npmjs.org/source-map-js/-/source-map-js-1.2.2.tgz. Extracting by manifest.
1253 silly tarball no local data for nanoid@https://registry.npmjs.org/nanoid/-/nanoid-3.3.20.tgz. Extracting by manifest.
1254 silly tarball no local data for tslib@https://registry.npmjs.org/tslib/-/tslib-2.8.1.tgz. Extracting by manifest.
1255 silly tarball no local data for yallist@https://registry.npmjs.org/yallist/-/yallist-3.1.1.tgz. Extracting by manifest.
1256 silly tarball no local data for motion-dom@https://registry.npmjs.org/motion-dom/-/motion-dom-11.18.1.tgz. Extracting by manifest.
1257 silly tarball no local data for update-browserslist-db@https://registry.npmjs.org/update-browserslist-db/-/update-browserslist-db-1.3.3.tgz. Extracting by manifest.
1258 silly tarball no local data for motion-utils@https://registry.npmjs.org/motion-utils/-/motion-utils-11.18.1.tgz. Extracting by manifest.
1259 silly tarball no local data for ms@https://registry.npmjs.org/ms/-/ms-2.1.3.tgz. Extracting by manifest.
1260 silly tarball no local data for node-releases@https://registry.npmjs.org/node-releases/-/node-releases-2.0.57.tgz. Extracting by manifest.
1261 silly tarball no local data for electron-to-chromium@https://registry.npmjs.org/electron-to-chromium/-/electron-to-chromium-1.5.449.tgz. Extracting by manifest.
1262 silly tarball no local data for baseline-browser-mapping@https://registry.npmjs.org/baseline-browser-mapping/-/baseline-browser-mapping-2.11.27.tgz. Extracting by manifest.
1263 silly tarball no local data for postcss-value-parser@https://registry.npmjs.org/postcss-value-parser/-/postcss-value-parser-4.2.0.tgz. Extracting by manifest.
1264 silly tarball no local data for caniuse-lite@https://registry.npmjs.org/caniuse-lite/-/caniuse-lite-1.0.30001814.tgz. Extracting by manifest.
1265 silly tarball no local data for @types/babel__traverse@https://registry.npmjs.org/@types/babel__traverse/-/babel__traverse-7.28.0.tgz. Extracting by manifest.
1266 silly tarball no local data for @types/babel__template@https://registry.npmjs.org/@types/babel__template/-/babel__template-7.4.4.tgz. Extracting by manifest.
1267 silly tarball no local data for @types/babel__generator@https://registry.npmjs.org/@types/babel__generator/-/babel__generator-7.27.0.tgz. Extracting by manifest.
1268 silly tarball no local data for @jridgewell/sourcemap-codec@https://registry.npmjs.org/@jridgewell/sourcemap-codec/-/sourcemap-codec-1.6.0.tgz. Extracting by manifest.
1269 silly tarball no local data for @jridgewell/resolve-uri@https://registry.npmjs.org/@jridgewell/resolve-uri/-/resolve-uri-3.1.2.tgz. Extracting by manifest.
1270 silly tarball no local data for @babel/helper-globals@https://registry.npmjs.org/@babel/helper-globals/-/helper-globals-7.29.7.tgz. Extracting by manifest.
1271 silly tarball no local data for @babel/helper-plugin-utils@https://registry.npmjs.org/@babel/helper-plugin-utils/-/helper-plugin-utils-7.29.7.tgz. Extracting by manifest.
1272 silly tarball no local data for lru-cache@https://registry.npmjs.org/lru-cache/-/lru-cache-5.1.1.tgz. Extracting by manifest.
1273 silly tarball no local data for browserslist@https://registry.npmjs.org/browserslist/-/browserslist-4.29.3.tgz. Extracting by manifest.
1274 silly tarball no local data for @babel/helper-module-imports@https://registry.npmjs.org/@babel/helper-module-imports/-/helper-module-imports-7.29.7.tgz. Extracting by manifest.
1275 silly tarball no local data for @babel/helper-string-parser@https://registry.npmjs.org/@babel/helper-string-parser/-/helper-string-parser-7.29.7.tgz. Extracting by manifest.
1276 silly tarball no local data for jsesc@https://registry.npmjs.org/jsesc/-/jsesc-3.1.0.tgz. Extracting by manifest.
1277 silly tarball no local data for fraction.js@https://registry.npmjs.org/fraction.js/-/fraction.js-5.3.4.tgz. Extracting by manifest.
1278 silly tarball no local data for @babel/compat-data@https://registry.npmjs.org/@babel/compat-data/-/compat-data-7.29.7.tgz. Extracting by manifest.
1279 silly tarball no local data for @jridgewell/trace-mapping@https://registry.npmjs.org/@jridgewell/trace-mapping/-/trace-mapping-0.3.31.tgz. Extracting by manifest.
1280 silly tarball no local data for @babel/helper-validator-option@https://registry.npmjs.org/@babel/helper-validator-option/-/helper-validator-option-7.29.7.tgz. Extracting by manifest.
1281 silly tarball no local data for @babel/helper-validator-identifier@https://registry.npmjs.org/@babel/helper-validator-identifier/-/helper-validator-identifier-7.29.7.tgz. Extracting by manifest.
1282 silly tarball no local data for picocolors@https://registry.npmjs.org/picocolors/-/picocolors-1.1.1.tgz. Extracting by manifest.
1283 silly tarball no local data for @jridgewell/gen-mapping@https://registry.npmjs.org/@jridgewell/gen-mapping/-/gen-mapping-0.3.13.tgz. Extracting by manifest.
1284 silly tarball no local data for js-tokens@https://registry.npmjs.org/js-tokens/-/js-tokens-4.0.0.tgz. Extracting by manifest.
1285 silly tarball no local data for debug@https://registry.npmjs.org/debug/-/debug-4.4.3.tgz. Extracting by manifest.
1286 silly tarball no local data for json5@https://registry.npmjs.org/json5/-/json5-2.2.3.tgz. Extracting by manifest.
1287 silly tarball no local data for gensync@https://registry.npmjs.org/gensync/-/gensync-1.0.0-beta.2.tgz. Extracting by manifest.
1288 silly tarball no local data for semver@https://registry.npmjs.org/semver/-/semver-6.3.1.tgz. Extracting by manifest.
1289 silly tarball no local data for @babel/types@https://registry.npmjs.org/@babel/types/-/types-7.29.8.tgz. Extracting by manifest.
1290 silly tarball no local data for @babel/traverse@https://registry.npmjs.org/@babel/traverse/-/traverse-7.29.8.tgz. Extracting by manifest.
1291 silly tarball no local data for convert-source-map@https://registry.npmjs.org/convert-source-map/-/convert-source-map-2.0.0.tgz. Extracting by manifest.
1292 silly tarball no local data for @babel/template@https://registry.npmjs.org/@babel/template/-/template-7.29.7.tgz. Extracting by manifest.
1293 silly tarball no local data for @babel/helpers@https://registry.npmjs.org/@babel/helpers/-/helpers-7.29.7.tgz. Extracting by manifest.
1294 silly tarball no local data for @babel/parser@https://registry.npmjs.org/@babel/parser/-/parser-7.29.9.tgz. Extracting by manifest.
1295 silly tarball no local data for @babel/helper-module-transforms@https://registry.npmjs.org/@babel/helper-module-transforms/-/helper-module-transforms-7.29.7.tgz. Extracting by manifest.
1296 silly tarball no local data for @babel/helper-compilation-targets@https://registry.npmjs.org/@babel/helper-compilation-targets/-/helper-compilation-targets-7.29.7.tgz. Extracting by manifest.
1297 silly tarball no local data for react-refresh@https://registry.npmjs.org/react-refresh/-/react-refresh-0.17.0.tgz. Extracting by manifest.
1298 silly tarball no local data for @jridgewell/remapping@https://registry.npmjs.org/@jridgewell/remapping/-/remapping-2.3.5.tgz. Extracting by manifest.
1299 silly tarball no local data for @types/babel__core@https://registry.npmjs.org/@types/babel__core/-/babel__core-7.20.5.tgz. Extracting by manifest.
1300 silly tarball no local data for @babel/generator@https://registry.npmjs.org/@babel/generator/-/generator-7.29.8.tgz. Extracting by manifest.
1301 silly tarball no local data for @rolldown/pluginutils@https://registry.npmjs.org/@rolldown/pluginutils/-/pluginutils-1.0.0-beta.27.tgz. Extracting by manifest.
1302 silly tarball no local data for tailwindcss@https://registry.npmjs.org/tailwindcss/-/tailwindcss-3.4.19.tgz. Extracting by manifest.
1303 silly tarball no local data for @babel/plugin-transform-react-jsx-source@https://registry.npmjs.org/@babel/plugin-transform-react-jsx-source/-/plugin-transform-react-jsx-source-7.29.7.tgz. Extracting by manifest.
1304 silly tarball no local data for react-icons@https://registry.npmjs.org/react-icons/-/react-icons-5.7.0.tgz. Extracting by manifest.
1305 silly tarball no local data for @babel/plugin-transform-react-jsx-self@https://registry.npmjs.org/@babel/plugin-transform-react-jsx-self/-/plugin-transform-react-jsx-self-7.29.7.tgz. Extracting by manifest.
1306 silly tarball no local data for @babel/code-frame@https://registry.npmjs.org/@babel/code-frame/-/code-frame-7.29.7.tgz. Extracting by manifest.
1307 silly tarball no local data for react-dom@https://registry.npmjs.org/react-dom/-/react-dom-18.3.1.tgz. Extracting by manifest.
1308 silly tarball no local data for @babel/core@https://registry.npmjs.org/@babel/core/-/core-7.29.7.tgz. Extracting by manifest.
1309 silly tarball no local data for react@https://registry.npmjs.org/react/-/react-18.3.1.tgz. Extracting by manifest.
1310 silly tarball no local data for postcss@https://registry.npmjs.org/postcss/-/postcss-8.5.29.tgz. Extracting by manifest.
1311 silly tarball no local data for picomatch@https://registry.npmjs.org/picomatch/-/picomatch-4.0.7.tgz. Extracting by manifest.
1312 silly tarball no local data for framer-motion@https://registry.npmjs.org/framer-motion/-/framer-motion-11.18.2.tgz. Extracting by manifest.
1313 silly tarball no local data for autoprefixer@https://registry.npmjs.org/autoprefixer/-/autoprefixer-10.6.1.tgz. Extracting by manifest.
1314 silly tarball no local data for @vitejs/plugin-react@https://registry.npmjs.org/@vitejs/plugin-react/-/plugin-react-4.7.0.tgz. Extracting by manifest.
1315 silly tarball no local data for fdir@https://registry.npmjs.org/fdir/-/fdir-6.5.0.tgz. Extracting by manifest.
1316 silly tarball no local data for vite@https://registry.npmjs.org/vite/-/vite-5.4.21.tgz. Extracting by manifest.
1317 silly tarball no local data for glob-parent@https://registry.npmjs.org/glob-parent/-/glob-parent-5.1.2.tgz. Extracting by manifest.
1318 silly tarball no local data for glob-parent@https://registry.npmjs.org/glob-parent/-/glob-parent-5.1.2.tgz. Extracting by manifest.
1319 http fetch GET 200 https://registry.npmjs.org/is-number/-/is-number-7.0.0.tgz 267ms (cache miss)
1320 http fetch GET 200 https://registry.npmjs.org/@types/estree/-/estree-1.0.9.tgz 281ms (cache miss)
1321 http fetch POST 200 https://registry.npmjs.org/-/npm/v1/security/advisories/bulk 470ms
1322 silly audit report {
1322 silly audit report   vite: [
1322 silly audit report     {
1322 silly audit report       id: 1120784,
1322 silly audit report       url: 'https://github.com/advisories/GHSA-v6wh-96g9-6wx3',
1322 silly audit report       title: 'launch-editor: NTLMv2 hash disclosure via UNC path handling on Windows',
1322 silly audit report       severity: 'moderate',
1322 silly audit report       vulnerable_versions: '<=6.4.2',
1322 silly audit report       cwe: [Array],
1322 silly audit report       cvss: [Object]
1322 silly audit report     },
1322 silly audit report     {
1322 silly audit report       id: 1116229,
1322 silly audit report       url: 'https://github.com/advisories/GHSA-4w7w-66w2-5vf9',
1322 silly audit report       title: 'Vite Vulnerable to Path Traversal in Optimized Deps `.map` Handling',
1322 silly audit report       severity: 'moderate',
1322 silly audit report       vulnerable_versions: '<=6.4.1',
1322 silly audit report       cwe: [Array],
1322 silly audit report       cvss: [Object]
1322 silly audit report     },
1322 silly audit report     {
1322 silly audit report       id: 1123525,
1322 silly audit report       url: 'https://github.com/advisories/GHSA-fx2h-pf6j-xcff',
1322 silly audit report       title: 'vite: `server.fs.deny` bypass on Windows alternate paths',
1322 silly audit report       severity: 'high',
1322 silly audit report       vulnerable_versions: '<=6.4.2',
1322 silly audit report       cwe: [Array],
1322 silly audit report       cvss: [Object]
1322 silly audit report     }
1322 silly audit report   ],
1322 silly audit report   'postcss-selector-parser': [
1322 silly audit report     {
1322 silly audit report       id: 1241232,
1322 silly audit report       url: 'https://github.com/advisories/GHSA-rj75-hqrm-r3gf',
1322 silly audit report       title: 'PostCSS: Quadratic complexity in flat selector parsing allows CPU exhaustion',
1322 silly audit report       severity: 'moderate',
1322 silly audit report       vulnerable_versions: '<7.1.6',
1322 silly audit report       cwe: [Array],
1322 silly audit report       cvss: [Object]
1322 silly audit report     }
1322 silly audit report   ],
1322 silly audit report   braces: [
1322 silly audit report     {
1322 silly audit report       id: 1240992,
1322 silly audit report       url: 'https://github.com/advisories/GHSA-vfj7-8cjw-p6xm',
1322 silly audit report       title: 'braces vulnerable to stack-exhaustion denial of service through deeply nested patterns',
1322 silly audit report       severity: 'high',
1322 silly audit report       vulnerable_versions: '<=3.0.3',
1322 silly audit report       cwe: [Array],
1322 silly audit report       cvss: [Object]
1322 silly audit report     }
1322 silly audit report   ],
1322 silly audit report   esbuild: [
1322 silly audit report     {
1322 silly audit report       id: 1102341,
1322 silly audit report       url: 'https://github.com/advisories/GHSA-67mh-4wv8-2f99',
1322 silly audit report       title: 'esbuild enables any website to send any requests to the development server and read the response',
1322 silly audit report       severity: 'moderate',
1322 silly audit report       vulnerable_versions: '<=0.24.2',
1322 silly audit report       cwe: [Array],
1322 silly audit report       cvss: [Object]
1322 silly audit report     }
1322 silly audit report   ]
1322 silly audit report }
1323 silly packumentCache corgi:https://registry.npmjs.org/vite cache-miss
1324 silly packumentCache corgi:https://registry.npmjs.org/postcss-selector-parser cache-miss
1325 silly packumentCache corgi:https://registry.npmjs.org/braces cache-miss
1326 silly packumentCache corgi:https://registry.npmjs.org/esbuild cache-miss
1327 http fetch GET 200 https://registry.npmjs.org/queue-microtask/-/queue-microtask-1.2.3.tgz 456ms (cache miss)
1328 http fetch GET 200 https://registry.npmjs.org/pirates/-/pirates-4.0.7.tgz 495ms (cache miss)
1329 http fetch GET 200 https://registry.npmjs.org/thenify/-/thenify-3.3.1.tgz 561ms (cache miss)
1330 http fetch GET 200 https://registry.npmjs.org/object-assign/-/object-assign-4.1.1.tgz 576ms (cache miss)
1331 http fetch GET 200 https://registry.npmjs.org/tinyglobby/-/tinyglobby-0.2.17.tgz 585ms (cache miss)
1332 http fetch GET 200 https://registry.npmjs.org/@rollup/rollup-win32-x64-msvc/-/rollup-win32-x64-msvc-4.64.1.tgz 629ms (cache miss)
1333 http fetch GET 200 https://registry.npmjs.org/hasown/-/hasown-2.0.4.tgz 618ms (cache miss)
1334 http fetch GET 200 https://registry.npmjs.org/lines-and-columns/-/lines-and-columns-1.2.4.tgz 644ms (cache miss)
1335 http fetch GET 200 https://registry.npmjs.org/es-errors/-/es-errors-1.3.0.tgz 646ms (cache miss)
1336 http fetch GET 200 https://registry.npmjs.org/any-promise/-/any-promise-1.3.0.tgz 745ms (cache miss)
1337 http fetch GET 200 https://registry.npmjs.org/camelcase-css/-/camelcase-css-2.0.1.tgz 764ms (cache miss)
1338 http fetch GET 200 https://registry.npmjs.org/util-deprecate/-/util-deprecate-1.0.2.tgz 819ms (cache miss)
1339 http fetch GET 200 https://registry.npmjs.org/cssesc/-/cssesc-3.0.0.tgz 832ms (cache miss)
1340 http fetch GET 200 https://registry.npmjs.org/thenify-all/-/thenify-all-1.6.0.tgz 940ms (cache miss)
1341 http fetch GET 200 https://registry.npmjs.org/supports-preserve-symlinks-flag/-/supports-preserve-symlinks-flag-1.0.0.tgz 1075ms (cache miss)
1342 http fetch GET 200 https://registry.npmjs.org/ts-interface-checker/-/ts-interface-checker-0.1.13.tgz 1101ms (cache miss)
1343 http fetch GET 200 https://registry.npmjs.org/binary-extensions/-/binary-extensions-2.3.0.tgz 1096ms (cache miss)
1344 http fetch GET 200 https://registry.npmjs.org/is-extglob/-/is-extglob-2.1.1.tgz 1117ms (cache miss)
1345 http fetch GET 200 https://registry.npmjs.org/run-parallel/-/run-parallel-1.2.0.tgz 1130ms (cache miss)
1346 http fetch GET 200 https://registry.npmjs.org/read-cache/-/read-cache-1.0.2.tgz 1134ms (cache miss)
1347 http fetch GET 200 https://registry.npmjs.org/to-regex-range/-/to-regex-range-5.0.1.tgz 1166ms (cache miss)
1348 http fetch GET 200 https://registry.npmjs.org/merge2/-/merge2-1.4.1.tgz 1173ms (cache miss)
1349 http fetch GET 200 https://registry.npmjs.org/escalade/-/escalade-3.2.0.tgz 1270ms (cache miss)
1350 http fetch GET 200 https://registry.npmjs.org/function-bind/-/function-bind-1.1.2.tgz 1266ms (cache miss)
1351 http fetch GET 200 https://registry.npmjs.org/reusify/-/reusify-1.1.0.tgz 1343ms (cache miss)
1352 http fetch GET 200 https://registry.npmjs.org/is-binary-path/-/is-binary-path-2.1.0.tgz 1354ms (cache miss)
1353 http fetch GET 200 https://registry.npmjs.org/esbuild/-/esbuild-0.21.5.tgz 1407ms (cache miss)
1354 http fetch GET 200 https://registry.npmjs.org/path-parse/-/path-parse-1.0.7.tgz 1409ms (cache miss)
1355 http fetch GET 200 https://registry.npmjs.org/fill-range/-/fill-range-7.1.1.tgz 1398ms (cache miss)
1356 http fetch GET 200 https://registry.npmjs.org/anymatch/-/anymatch-3.1.3.tgz 1412ms (cache miss)
1357 http fetch GET 200 https://registry.npmjs.org/readdirp/-/readdirp-3.6.0.tgz 1432ms (cache miss)
1358 http fetch GET 200 https://registry.npmjs.org/mz/-/mz-2.7.0.tgz 1482ms (cache miss)
1359 http fetch GET 200 https://registry.npmjs.org/@nodelib/fs.stat/-/fs.stat-2.0.5.tgz 1590ms (cache miss)
1360 http fetch GET 200 https://registry.npmjs.org/fastq/-/fastq-1.20.3.tgz 1637ms (cache miss)
1361 http fetch GET 200 https://registry.npmjs.org/postcss-nested/-/postcss-nested-6.2.0.tgz 1672ms (cache miss)
1362 http fetch GET 200 https://registry.npmjs.org/braces/-/braces-3.0.3.tgz 1690ms (cache miss)
1363 http fetch GET 200 https://registry.npmjs.org/picomatch/-/picomatch-2.3.2.tgz 1769ms (cache miss)
1364 http fetch GET 200 https://registry.npmjs.org/object-hash/-/object-hash-3.0.0.tgz 1764ms (cache miss)
1365 http fetch GET 200 https://registry.npmjs.org/glob-parent/-/glob-parent-6.0.2.tgz 1783ms (cache miss)
1366 http fetch GET 200 https://registry.npmjs.org/normalize-path/-/normalize-path-3.0.0.tgz 1793ms (cache miss)
1367 http fetch GET 200 https://registry.npmjs.org/is-glob/-/is-glob-4.0.3.tgz 1805ms (cache miss)
1368 http fetch GET 200 https://registry.npmjs.org/dlv/-/dlv-1.1.3.tgz 1812ms (cache miss)
1369 http fetch GET 200 https://registry.npmjs.org/postcss-js/-/postcss-js-4.1.0.tgz 1838ms (cache miss)
1370 http fetch GET 200 https://registry.npmjs.org/lilconfig/-/lilconfig-3.1.3.tgz 1851ms (cache miss)
1371 http fetch GET 200 https://registry.npmjs.org/micromatch/-/micromatch-4.0.8.tgz 1852ms (cache miss)
1372 http fetch GET 200 https://registry.npmjs.org/postcss-load-config/-/postcss-load-config-6.0.1.tgz 1879ms (cache miss)
1373 http fetch GET 200 https://registry.npmjs.org/arg/-/arg-5.0.2.tgz 1888ms (cache miss)
1374 http fetch GET 200 https://registry.npmjs.org/@alloc/quick-lru/-/quick-lru-5.3.0.tgz 1971ms (cache miss)
1375 http fetch GET 200 https://registry.npmjs.org/didyoumean/-/didyoumean-1.2.2.tgz 1992ms (cache miss)
1376 http fetch GET 200 https://registry.npmjs.org/loose-envify/-/loose-envify-1.4.0.tgz 2005ms (cache miss)
1377 http fetch GET 200 https://registry.npmjs.org/yallist/-/yallist-3.1.1.tgz 2035ms (cache miss)
1378 http fetch GET 200 https://registry.npmjs.org/ms/-/ms-2.1.3.tgz 2036ms (cache miss)
1379 http fetch GET 200 https://registry.npmjs.org/motion-utils/-/motion-utils-11.18.1.tgz 2049ms (cache miss)
1380 http fetch GET 200 https://registry.npmjs.org/nanoid/-/nanoid-3.3.20.tgz 2056ms (cache miss)
1381 http fetch GET 200 https://registry.npmjs.org/update-browserslist-db/-/update-browserslist-db-1.3.3.tgz 2124ms (cache miss)
1382 http fetch GET 200 https://registry.npmjs.org/postcss-import/-/postcss-import-15.1.0.tgz 2158ms (cache miss)
1383 http fetch GET 200 https://registry.npmjs.org/chokidar/-/chokidar-3.6.0.tgz 2157ms (cache miss)
1384 http fetch GET 200 https://registry.npmjs.org/@types/babel__template/-/babel__template-7.4.4.tgz 2148ms (cache miss)
1385 http fetch GET 200 https://registry.npmjs.org/@nodelib/fs.walk/-/fs.walk-1.2.8.tgz 2283ms (cache miss)
1386 http fetch GET 200 https://registry.npmjs.org/rollup/-/rollup-4.64.1.tgz 2356ms (cache miss)
1387 http fetch GET 200 https://registry.npmjs.org/@jridgewell/resolve-uri/-/resolve-uri-3.1.2.tgz 2320ms (cache miss)
1388 http fetch GET 200 https://registry.npmjs.org/node-releases/-/node-releases-2.0.57.tgz 2328ms (cache miss)
1389 http fetch GET 200 https://registry.npmjs.org/@types/babel__generator/-/babel__generator-7.27.0.tgz 2370ms (cache miss)
1390 http fetch GET 200 https://registry.npmjs.org/is-core-module/-/is-core-module-2.17.0.tgz 2429ms (cache miss)
1391 http fetch GET 200 https://registry.npmjs.org/@types/babel__traverse/-/babel__traverse-7.28.0.tgz 2408ms (cache miss)
1392 http fetch GET 200 https://registry.npmjs.org/@babel/helper-globals/-/helper-globals-7.29.7.tgz 2417ms (cache miss)
1393 http fetch GET 200 https://registry.npmjs.org/lru-cache/-/lru-cache-5.1.1.tgz 2440ms (cache miss)
1394 http fetch GET 200 https://registry.npmjs.org/@babel/helper-module-imports/-/helper-module-imports-7.29.7.tgz 2439ms (cache miss)
1395 http fetch GET 200 https://registry.npmjs.org/jsesc/-/jsesc-3.1.0.tgz 2452ms (cache miss)
1396 http fetch GET 200 https://registry.npmjs.org/tslib/-/tslib-2.8.1.tgz 2471ms (cache miss)
1397 http fetch GET 200 https://registry.npmjs.org/baseline-browser-mapping/-/baseline-browser-mapping-2.11.27.tgz 2494ms (cache miss)
1398 http fetch GET 200 https://registry.npmjs.org/@babel/helper-plugin-utils/-/helper-plugin-utils-7.29.7.tgz 2525ms (cache miss)
1399 http fetch GET 200 https://registry.npmjs.org/@babel/helper-validator-option/-/helper-validator-option-7.29.7.tgz 2532ms (cache miss)
1400 http fetch GET 200 https://registry.npmjs.org/scheduler/-/scheduler-0.23.2.tgz 2557ms (cache miss)
1401 http fetch GET 200 https://registry.npmjs.org/@babel/helper-string-parser/-/helper-string-parser-7.29.7.tgz 2553ms (cache miss)
1402 http fetch GET 200 https://registry.npmjs.org/debug/-/debug-4.4.3.tgz 2615ms (cache miss)
1403 http fetch GET 200 https://registry.npmjs.org/@babel/compat-data/-/compat-data-7.29.7.tgz 2629ms (cache miss)
1404 http fetch GET 200 https://registry.npmjs.org/postcss-value-parser/-/postcss-value-parser-4.2.0.tgz 2640ms (cache miss)
1405 http fetch GET 200 https://registry.npmjs.org/electron-to-chromium/-/electron-to-chromium-1.5.449.tgz 2644ms (cache miss)
1406 http fetch GET 200 https://registry.npmjs.org/picocolors/-/picocolors-1.1.1.tgz 2648ms (cache miss)
1407 http fetch GET 200 https://registry.npmjs.org/@babel/helper-validator-identifier/-/helper-validator-identifier-7.29.7.tgz 2661ms (cache miss)
1408 http fetch GET 200 https://registry.npmjs.org/js-tokens/-/js-tokens-4.0.0.tgz 2658ms (cache miss)
1409 http fetch GET 200 https://registry.npmjs.org/@nodelib/fs.scandir/-/fs.scandir-2.1.5.tgz 2727ms (cache miss)
1410 http fetch GET 200 https://registry.npmjs.org/convert-source-map/-/convert-source-map-2.0.0.tgz 2705ms (cache miss)
1411 http fetch GET 200 https://registry.npmjs.org/source-map-js/-/source-map-js-1.2.2.tgz 2791ms (cache miss)
1412 http fetch GET 200 https://registry.npmjs.org/gensync/-/gensync-1.0.0-beta.2.tgz 2788ms (cache miss)
1413 http fetch GET 200 https://registry.npmjs.org/semver/-/semver-6.3.1.tgz 2803ms (cache miss)
1414 http fetch GET 200 https://registry.npmjs.org/@babel/helper-compilation-targets/-/helper-compilation-targets-7.29.7.tgz 2981ms (cache miss)
1415 http fetch GET 200 https://registry.npmjs.org/@rolldown/pluginutils/-/pluginutils-1.0.0-beta.27.tgz 3108ms (cache miss)
1416 http fetch GET 200 https://registry.npmjs.org/@jridgewell/remapping/-/remapping-2.3.5.tgz 3119ms (cache miss)
1417 http fetch GET 200 https://registry.npmjs.org/@babel/plugin-transform-react-jsx-source/-/plugin-transform-react-jsx-source-7.29.7.tgz 3183ms (cache miss)
1418 http fetch GET 200 https://registry.npmjs.org/browserslist/-/browserslist-4.29.3.tgz 3215ms (cache miss)
1419 http fetch GET 200 https://registry.npmjs.org/react-refresh/-/react-refresh-0.17.0.tgz 3222ms (cache miss)
1420 http fetch GET 200 https://registry.npmjs.org/commander/-/commander-4.1.1.tgz 3312ms (cache miss)
1421 http fetch GET 200 https://registry.npmjs.org/@babel/plugin-transform-react-jsx-self/-/plugin-transform-react-jsx-self-7.29.7.tgz 3240ms (cache miss)
1422 http fetch GET 200 https://registry.npmjs.org/@types/babel__core/-/babel__core-7.20.5.tgz 3289ms (cache miss)
1423 http fetch GET 200 https://registry.npmjs.org/@babel/code-frame/-/code-frame-7.29.7.tgz 3293ms (cache miss)
1424 http fetch GET 200 https://registry.npmjs.org/fraction.js/-/fraction.js-5.3.4.tgz 3400ms (cache miss)
1425 http fetch GET 200 https://registry.npmjs.org/@babel/template/-/template-7.29.7.tgz 3431ms (cache miss)
1426 http fetch GET 200 https://registry.npmjs.org/jiti/-/jiti-1.21.7.tgz 3490ms (cache miss)
1427 http fetch GET 200 https://registry.npmjs.org/@babel/helper-module-transforms/-/helper-module-transforms-7.29.7.tgz 3544ms (cache miss)
1428 http fetch GET 200 https://registry.npmjs.org/@rollup/rollup-win32-x64-gnu/-/rollup-win32-x64-gnu-4.64.1.tgz 3703ms (cache miss)
1429 http fetch GET 200 https://registry.npmjs.org/fdir/-/fdir-6.5.0.tgz 3619ms (cache miss)
1430 http fetch GET 200 https://registry.npmjs.org/@jridgewell/sourcemap-codec/-/sourcemap-codec-1.6.0.tgz 3707ms (cache miss)
1431 http fetch GET 200 https://registry.npmjs.org/json5/-/json5-2.2.3.tgz 3730ms (cache miss)
1432 http fetch GET 200 https://registry.npmjs.org/glob-parent/-/glob-parent-5.1.2.tgz 3686ms (cache miss)
1433 http fetch GET 200 https://registry.npmjs.org/glob-parent/-/glob-parent-5.1.2.tgz 3745ms (cache miss)
1434 http fetch GET 200 https://registry.npmjs.org/@jridgewell/gen-mapping/-/gen-mapping-0.3.13.tgz 3790ms (cache miss)
1435 http fetch GET 200 https://registry.npmjs.org/picomatch/-/picomatch-4.0.7.tgz 3825ms (cache miss)
1436 http fetch GET 200 https://registry.npmjs.org/@vitejs/plugin-react/-/plugin-react-4.7.0.tgz 3974ms (cache miss)
1437 http fetch GET 200 https://registry.npmjs.org/postcss-selector-parser 3784ms (cache miss)
1438 silly packumentCache corgi:https://registry.npmjs.org/postcss-selector-parser set size:undefined disposed:false
1439 http fetch GET 200 https://registry.npmjs.org/postcss-selector-parser/-/postcss-selector-parser-6.1.4.tgz 4117ms (cache miss)
1440 http fetch GET 200 https://registry.npmjs.org/@babel/parser/-/parser-7.29.9.tgz 4117ms (cache miss)
1441 http fetch GET 200 https://registry.npmjs.org/@jridgewell/trace-mapping/-/trace-mapping-0.3.31.tgz 4168ms (cache miss)
1442 http fetch GET 200 https://registry.npmjs.org/braces 3968ms (cache miss)
1443 silly packumentCache corgi:https://registry.npmjs.org/braces set size:undefined disposed:false
1444 http fetch GET 200 https://registry.npmjs.org/fast-glob/-/fast-glob-3.3.3.tgz 4252ms (cache miss)
1445 http fetch GET 200 https://registry.npmjs.org/esbuild 4099ms (cache miss)
1446 silly packumentCache corgi:https://registry.npmjs.org/esbuild set size:undefined disposed:false
1447 http fetch GET 200 https://registry.npmjs.org/motion-dom/-/motion-dom-11.18.1.tgz 4405ms (cache miss)
1448 http fetch GET 200 https://registry.npmjs.org/@babel/generator/-/generator-7.29.8.tgz 4440ms (cache miss)
1449 http fetch GET 200 https://registry.npmjs.org/postcss/-/postcss-8.5.29.tgz 4439ms (cache miss)
1450 http fetch GET 200 https://registry.npmjs.org/react/-/react-18.3.1.tgz 4790ms (cache miss)
1451 http fetch GET 200 https://registry.npmjs.org/@babel/traverse/-/traverse-7.29.8.tgz 4905ms (cache miss)
1452 http fetch GET 200 https://registry.npmjs.org/react-dom/-/react-dom-18.3.1.tgz 4952ms (cache miss)
1453 http fetch GET 200 https://registry.npmjs.org/resolve/-/resolve-1.22.13.tgz 5179ms (cache miss)
1454 http fetch GET 200 https://registry.npmjs.org/autoprefixer/-/autoprefixer-10.6.1.tgz 5293ms (cache miss)
1455 http fetch GET 200 https://registry.npmjs.org/vite/-/vite-5.4.21.tgz 5521ms (cache miss)
1456 http fetch GET 200 https://registry.npmjs.org/@babel/core/-/core-7.29.7.tgz 6035ms (cache miss)
1457 http fetch GET 200 https://registry.npmjs.org/vite 5853ms (cache miss)
1458 silly packumentCache corgi:https://registry.npmjs.org/vite set size:undefined disposed:false
1459 silly packumentCache corgi:https://registry.npmjs.org/@vitejs%2fplugin-react cache-miss
1460 http fetch GET 200 https://registry.npmjs.org/@babel/types/-/types-7.29.8.tgz 6789ms (cache miss)
1461 http fetch GET 200 https://registry.npmjs.org/sucrase/-/sucrase-3.35.1.tgz 6857ms (cache miss)
1462 http fetch GET 200 https://registry.npmjs.org/@vitejs%2fplugin-react 614ms (cache miss)
1463 silly packumentCache corgi:https://registry.npmjs.org/@vitejs%2fplugin-react set size:undefined disposed:false
1464 silly packumentCache corgi:https://registry.npmjs.org/tailwindcss cache-miss
1465 silly packumentCache corgi:https://registry.npmjs.org/postcss-nested cache-miss
1466 http fetch GET 200 https://registry.npmjs.org/@babel/helpers/-/helpers-7.29.7.tgz 7297ms (cache miss)
1467 http fetch GET 200 https://registry.npmjs.org/postcss-nested 192ms (cache miss)
1468 silly packumentCache corgi:https://registry.npmjs.org/postcss-nested set size:undefined disposed:false
1469 http fetch GET 200 https://registry.npmjs.org/tailwindcss/-/tailwindcss-3.4.19.tgz 7445ms (cache miss)
1470 http fetch GET 200 https://registry.npmjs.org/@esbuild/win32-x64/-/win32-x64-0.21.5.tgz 9839ms (cache miss)
1471 http fetch GET 200 https://registry.npmjs.org/framer-motion/-/framer-motion-11.18.2.tgz 10733ms (cache miss)
1472 http fetch GET 200 https://registry.npmjs.org/caniuse-lite/-/caniuse-lite-1.0.30001814.tgz 11819ms (cache miss)
1473 http fetch GET 200 https://registry.npmjs.org/tailwindcss 9770ms (cache miss)
1474 silly packumentCache corgi:https://registry.npmjs.org/tailwindcss set size:undefined disposed:false
1475 silly packumentCache corgi:https://registry.npmjs.org/chokidar cache-miss
1476 silly packumentCache corgi:https://registry.npmjs.org/micromatch cache-miss
1477 http fetch GET 200 https://registry.npmjs.org/micromatch 351ms (cache miss)
1478 silly packumentCache corgi:https://registry.npmjs.org/micromatch set size:undefined disposed:false
1479 http fetch GET 200 https://registry.npmjs.org/chokidar 1452ms (cache miss)
1480 silly packumentCache corgi:https://registry.npmjs.org/chokidar set size:undefined disposed:false
1481 silly packumentCache corgi:https://registry.npmjs.org/fast-glob cache-miss
1482 http fetch GET 200 https://registry.npmjs.org/fast-glob 522ms (cache miss)
1483 silly packumentCache corgi:https://registry.npmjs.org/fast-glob set size:undefined disposed:false
1484 http fetch GET 200 https://registry.npmjs.org/react-icons/-/react-icons-5.7.0.tgz 29880ms (cache miss)
1485 info run esbuild@0.21.5 postinstall node_modules/esbuild node install.js
1486 info run esbuild@0.21.5 postinstall { code: 0, signal: null }
1487 silly ADD node_modules/@types/estree
1488 silly ADD node_modules/@rollup/rollup-win32-x64-msvc
1489 silly ADD node_modules/@rollup/rollup-win32-x64-gnu
1490 silly ADD node_modules/@esbuild/win32-x64
1491 silly ADD node_modules/rollup
1492 silly ADD node_modules/esbuild
1493 silly ADD node_modules/escalade
1494 silly ADD node_modules/is-number
1495 silly ADD node_modules/thenify
1496 silly ADD node_modules/thenify-all
1497 silly ADD node_modules/object-assign
1498 silly ADD node_modules/any-promise
1499 silly ADD node_modules/ts-interface-checker
1500 silly ADD node_modules/tinyglobby
1501 silly ADD node_modules/tinyglobby/node_modules/picomatch
1502 silly ADD node_modules/tinyglobby/node_modules/fdir
1503 silly ADD node_modules/pirates
1504 silly ADD node_modules/mz
1505 silly ADD node_modules/lines-and-columns
1506 silly ADD node_modules/commander
1507 silly ADD node_modules/queue-microtask
1508 silly ADD node_modules/function-bind
1509 silly ADD node_modules/hasown
1510 silly ADD node_modules/supports-preserve-symlinks-flag
1511 silly ADD node_modules/path-parse
1512 silly ADD node_modules/is-core-module
1513 silly ADD node_modules/es-errors
1514 silly ADD node_modules/util-deprecate
1515 silly ADD node_modules/cssesc
1516 silly ADD node_modules/camelcase-css
1517 silly ADD node_modules/read-cache
1518 silly ADD node_modules/is-extglob
1519 silly ADD node_modules/binary-extensions
1520 silly ADD node_modules/to-regex-range
1521 silly ADD node_modules/reusify
1522 silly ADD node_modules/run-parallel
1523 silly ADD node_modules/fastq
1524 silly ADD node_modules/@nodelib/fs.scandir
1525 silly ADD node_modules/merge2
1526 silly ADD node_modules/@nodelib/fs.walk
1527 silly ADD node_modules/@nodelib/fs.stat
1528 silly ADD node_modules/fill-range
1529 silly ADD node_modules/picomatch
1530 silly ADD node_modules/readdirp
1531 silly ADD node_modules/is-binary-path
1532 silly ADD node_modules/braces
1533 silly ADD node_modules/anymatch
1534 silly ADD node_modules/sucrase
1535 silly ADD node_modules/resolve
1536 silly ADD node_modules/postcss-selector-parser
1537 silly ADD node_modules/postcss-nested
1538 silly ADD node_modules/postcss-load-config
1539 silly ADD node_modules/postcss-js
1540 silly ADD node_modules/postcss-import
1541 silly ADD node_modules/object-hash
1542 silly ADD node_modules/normalize-path
1543 silly ADD node_modules/micromatch
1544 silly ADD node_modules/lilconfig
1545 silly ADD node_modules/jiti
1546 silly ADD node_modules/is-glob
1547 silly ADD node_modules/glob-parent
1548 silly ADD node_modules/fast-glob
1549 silly ADD node_modules/fast-glob/node_modules/glob-parent
1550 silly ADD node_modules/dlv
1551 silly ADD node_modules/didyoumean
1552 silly ADD node_modules/chokidar
1553 silly ADD node_modules/chokidar/node_modules/glob-parent
1554 silly ADD node_modules/arg
1555 silly ADD node_modules/@alloc/quick-lru
1556 silly ADD node_modules/scheduler
1557 silly ADD node_modules/loose-envify
1558 silly ADD node_modules/source-map-js
1559 silly ADD node_modules/nanoid
1560 silly ADD node_modules/yallist
1561 silly ADD node_modules/tslib
1562 silly ADD node_modules/motion-utils
1563 silly ADD node_modules/motion-dom
1564 silly ADD node_modules/ms
1565 silly ADD node_modules/update-browserslist-db
1566 silly ADD node_modules/node-releases
1567 silly ADD node_modules/electron-to-chromium
1568 silly ADD node_modules/baseline-browser-mapping
1569 silly ADD node_modules/postcss-value-parser
1570 silly ADD node_modules/fraction.js
1571 silly ADD node_modules/caniuse-lite
1572 silly ADD node_modules/@types/babel__traverse
1573 silly ADD node_modules/@types/babel__template
1574 silly ADD node_modules/@types/babel__generator
1575 silly ADD node_modules/@jridgewell/resolve-uri
1576 silly ADD node_modules/@jridgewell/sourcemap-codec
1577 silly ADD node_modules/@babel/helper-string-parser
1578 silly ADD node_modules/@babel/helper-globals
1579 silly ADD node_modules/@babel/helper-plugin-utils
1580 silly ADD node_modules/@babel/helper-module-imports
1581 silly ADD node_modules/lru-cache
1582 silly ADD node_modules/browserslist
1583 silly ADD node_modules/@babel/helper-validator-option
1584 silly ADD node_modules/@babel/compat-data
1585 silly ADD node_modules/jsesc
1586 silly ADD node_modules/@jridgewell/trace-mapping
1587 silly ADD node_modules/@jridgewell/gen-mapping
1588 silly ADD node_modules/picocolors
1589 silly ADD node_modules/js-tokens
1590 silly ADD node_modules/@babel/helper-validator-identifier
1591 silly ADD node_modules/semver
1592 silly ADD node_modules/json5
1593 silly ADD node_modules/gensync
1594 silly ADD node_modules/debug
1595 silly ADD node_modules/convert-source-map
1596 silly ADD node_modules/@jridgewell/remapping
1597 silly ADD node_modules/@babel/types
1598 silly ADD node_modules/@babel/traverse
1599 silly ADD node_modules/@babel/template
1600 silly ADD node_modules/@babel/parser
1601 silly ADD node_modules/@babel/helpers
1602 silly ADD node_modules/@babel/helper-module-transforms
1603 silly ADD node_modules/@babel/helper-compilation-targets
1604 silly ADD node_modules/@babel/generator
1605 silly ADD node_modules/@babel/code-frame
1606 silly ADD node_modules/react-refresh
1607 silly ADD node_modules/@types/babel__core
1608 silly ADD node_modules/@rolldown/pluginutils
1609 silly ADD node_modules/@babel/plugin-transform-react-jsx-source
1610 silly ADD node_modules/@babel/plugin-transform-react-jsx-self
1611 silly ADD node_modules/@babel/core
1612 silly ADD node_modules/tailwindcss
1613 silly ADD node_modules/react-icons
1614 silly ADD node_modules/react-dom
1615 silly ADD node_modules/react
1616 silly ADD node_modules/framer-motion
1617 silly ADD node_modules/postcss
1618 silly ADD node_modules/autoprefixer
1619 silly ADD node_modules/vite
1620 silly ADD node_modules/@vitejs/plugin-react
1621 warn install-scripts 1 package has install scripts not yet covered by allowScripts:
1621 warn install-scripts   esbuild@0.21.5 (postinstall: node install.js)
1621 warn install-scripts
1621 warn install-scripts Run `npm install-scripts ls` to review, or `npm install-scripts approve <pkg>` to allow.
1622 verbose cwd C:\Users\indian\Documents\Codex\2026-10-07\build-a-modern-production-ready-personal
1623 verbose os Windows_NT 10.0.26300
1624 verbose node v24.21.0
1625 verbose npm  v11.19.0
1626 notice
1626 notice New major version of npm available! 11.19.0 -> 12.2.0
1626 notice Changelog: https://github.com/npm/cli/releases/tag/v12.2.0
1626 notice To update run: npm install -g npm@12.2.0
1626 notice  { force: true, Symbol(proc-log.meta): true }
1627 verbose exit 0
1628 info ok
